Metric,Lower_value,Upper_value,Unit,Currency,Geography,Context,Scope,Source_title,Source_URL,Source_location,Source_year,Year_in_source_dataset,Price_year_status,Verification_basis,Record_ID,Record_origin
MBBR,0.39,0.39,USD/m3 treated water,USD,Egyptian WWTP simulation case,"Results table reports treated-water prices: ICEAS 0.47, MBBR 0.39, CMAS 0.48 USD/m3.","Simulation-based comparison, useful as method-level example rather than observed accounting data.",Economic comparison between wastewater treatment systems using GPS-X simulation,https://www.deswater.com/DWT_articles/vol_264_papers/264_2022_91.pdf,PDF local text / article results table; previously extracted lines 30-36,2022,2022,Not independently established from cited evidence,"Existing source-evidence record with current metric, unit and context review; not an exhaustive new full-text audit.",WWTP_EGYPT_GPSX_MBBR,39-row core
ICEAS,0.47,0.47,USD/m3 treated water,USD,Egyptian WWTP simulation case,"Results table reports treated-water prices: ICEAS 0.47, MBBR 0.39, CMAS 0.48 USD/m3.","Simulation-based comparison, useful as method-level example rather than observed accounting data.",Economic comparison between wastewater treatment systems using GPS-X simulation,https://www.deswater.com/DWT_articles/vol_264_papers/264_2022_91.pdf,PDF local text / article results table; previously extracted lines 30-36,2022,2022,Not independently established from cited evidence,"Existing source-evidence record with current metric, unit and context review; not an exhaustive new full-text audit.",WWTP_EGYPT_GPSX_ICEAS,39-row core
CMAS / activated sludge,0.48,0.48,USD/m3 treated water,USD,Egyptian WWTP simulation case,"Results table reports treated-water prices: ICEAS 0.47, MBBR 0.39, CMAS 0.48 USD/m3.","Simulation-based comparison, useful as method-level example rather than observed accounting data.",Economic comparison between wastewater treatment systems using GPS-X simulation,https://www.deswater.com/DWT_articles/vol_264_papers/264_2022_91.pdf,PDF local text / article results table; previously extracted lines 30-36,2022,2022,Not independently established from cited evidence,"Existing source-evidence record with current metric, unit and context review; not an exhaustive new full-text audit.",WWTP_EGYPT_GPSX_CMAS,39-row core
conventional activated sludge,0.082,0.082,USD/m3 treated wastewater,USD,Alexandria wastewater reuse alternatives,"Table 11 reports treated-wastewater costs for CAS, MBR and MBR-N as 0.082, 0.115 and 0.133 USD/m3.",,Economic analysis of wastewater treatment and reuse alternatives in Egypt,https://doi.org/10.3390/su132313125,Table 11,2021,2021,Not independently established from cited evidence,"Existing source-evidence record with current metric, unit and context review; not an exhaustive new full-text audit.",WWTP_EGYPT_ALEX_CAS,39-row core
MBR,0.115,0.115,USD/m3 treated wastewater,USD,Alexandria wastewater reuse alternatives,"Table 11 reports treated-wastewater costs for CAS, MBR and MBR-N as 0.082, 0.115 and 0.133 USD/m3.",,Economic analysis of wastewater treatment and reuse alternatives in Egypt,https://doi.org/10.3390/su132313125,Table 11,2021,2021,Not independently established from cited evidence,"Existing source-evidence record with current metric, unit and context review; not an exhaustive new full-text audit.",WWTP_EGYPT_ALEX_MBR,39-row core
MBR with nitrification/advanced nutrient treatment,0.133,0.133,USD/m3 treated wastewater,USD,Alexandria wastewater reuse alternatives,"Table 11 reports treated-wastewater costs for CAS, MBR and MBR-N as 0.082, 0.115 and 0.133 USD/m3.",,Economic analysis of wastewater treatment and reuse alternatives in Egypt,https://doi.org/10.3390/su132313125,Table 11,2021,2021,Not independently established from cited evidence,"Existing source-evidence record with current metric, unit and context review; not an exhaustive new full-text audit.",WWTP_EGYPT_ALEX_MBR_N,39-row core
anaerobic baffled reactor,0.0448,0.0448,USD/m3,USD,"Addis Ababa, Koye-Feche ABR","Table 1 reports total treatment costs including Koye-Feche ABR 0.0448, Kotebe WSP 0.0684, Kality UASB-TF 0.0945 and Arabsa MBR 0.5463 USD/m3.",,Performance of four wastewater treatment plants serving Ethiopia's capital city Addis Ababa,https://iwaponline.com/washdev/article/15/2/127/106871/Performance-of-four-wastewater-treatment-plants ; https://doi.org/10.2166/washdev.2025.093,Table 1,2025,2025,Not independently established from cited evidence,"Existing source-evidence record with current metric, unit and context review; not an exhaustive new full-text audit.",WWTP_ETH_KOYE_ABR,39-row core
waste stabilization pond,0.0684,0.0684,USD/m3,USD,"Addis Ababa, Kotebe WSP","Table 1 reports total treatment costs including Koye-Feche ABR 0.0448, Kotebe WSP 0.0684, Kality UASB-TF 0.0945 and Arabsa MBR 0.5463 USD/m3.",,Performance of four wastewater treatment plants serving Ethiopia's capital city Addis Ababa,https://iwaponline.com/washdev/article/15/2/127/106871/Performance-of-four-wastewater-treatment-plants ; https://doi.org/10.2166/washdev.2025.093,Table 1,2025,2025,Not independently established from cited evidence,"Existing source-evidence record with current metric, unit and context review; not an exhaustive new full-text audit.",WWTP_ETH_KOTEBE_WSP,39-row core
UASB + trickling filter,0.0945,0.0945,USD/m3,USD,"Addis Ababa, Kality UASB-TF","Table 1 reports total treatment costs including Koye-Feche ABR 0.0448, Kotebe WSP 0.0684, Kality UASB-TF 0.0945 and Arabsa MBR 0.5463 USD/m3.",,Performance of four wastewater treatment plants serving Ethiopia's capital city Addis Ababa,https://iwaponline.com/washdev/article/15/2/127/106871/Performance-of-four-wastewater-treatment-plants ; https://doi.org/10.2166/washdev.2025.093,Table 1,2025,2025,Not independently established from cited evidence,"Existing source-evidence record with current metric, unit and context review; not an exhaustive new full-text audit.",WWTP_ETH_KALITY_UASB_TF,39-row core
MBR,0.5463,0.5463,USD/m3,USD,"Addis Ababa, Arabsa MBR","Table 1 reports total treatment costs including Koye-Feche ABR 0.0448, Kotebe WSP 0.0684, Kality UASB-TF 0.0945 and Arabsa MBR 0.5463 USD/m3.",,Performance of four wastewater treatment plants serving Ethiopia's capital city Addis Ababa,https://iwaponline.com/washdev/article/15/2/127/106871/Performance-of-four-wastewater-treatment-plants ; https://doi.org/10.2166/washdev.2025.093,Table 1,2025,2025,Not independently established from cited evidence,"Existing source-evidence record with current metric, unit and context review; not an exhaustive new full-text audit.",WWTP_ETH_ARABSA_MBR,39-row core
MBBR + tertiary municipal wastewater,10.1,14.3,INR/m3,INR,Full-scale MBBR municipal WWTPs in India,Article reports treatment cost Rs 10.10-14.30/m3 and representative Rs 12.50 +/-20%; energy 0.6-0.8 kWh/m3.,,Techno-Economic Assessment of Full Scale MBBRs Treating Municipal Wastewater in India,https://neptjournal.com/upload-images/NL-58-32-%2830%29B-3339.pdf,"PDF article tables/results; previously extracted text lines 224-225, 346, 350, 354",2016,2016,Not independently established from cited evidence,"Existing source-evidence record with current metric, unit and context review; not an exhaustive new full-text audit.",WWTP_INDIA_MBBR_TERTIARY,39-row core
secondary-to-tertiary upgrade incremental O&M,0.22,1.03,yuan/m3,CNY,Nine WWTPs in southern China,Table 16 lists added O&M costs for plants 1#-9#; range is 0.22-1.03 yuan/m3.,,Technical and economic indicators for upgrading municipal wastewater treatment plants [translated title],https://www.jsjs1982.com/portal/article/index.html?id=3229 ; https://www.jsjs1982.com/upload/portal/20240802/90a81325b7d45d391cb650260b6278d2.pdf ; https://doi.org/10.15890/j.cnki.jsjs.2024.07.024,Table 16,2024,2024,Not independently established from cited evidence,"Existing source-evidence record with current metric, unit and context review; not an exhaustive new full-text audit.",WWTP_CHINA_SC9_UPGRADE_OM,39-row core
UASB / Cliza WWTP,0.29,0.29,USD/m3,USD,UASB / Cliza WWTP,Article reports total treatment cost of 0.29 USD/m3 for Cliza and 0.40 USD/m3 for Tolata.,,Evaluacion del costo anual equivalente de las plantas de tratamiento de aguas residuales de los municipios de Cliza y Tolata,https://www1.upb.edu/revista-investigacion-desarrollo/index.php/id/article/view/199/512,Article cost results / annual-equivalent-cost section,2019,2019,Not independently established from cited evidence,"Existing source-evidence record with current metric, unit and context review; not an exhaustive new full-text audit.",WWTP_BOLIVIA_CLIZA_UASB,39-row core
UASB / Tolata WWTP,0.4,0.4,USD/m3,USD,UASB / Tolata WWTP,Article reports total treatment cost of 0.29 USD/m3 for Cliza and 0.40 USD/m3 for Tolata.,,Evaluacion del costo anual equivalente de las plantas de tratamiento de aguas residuales de los municipios de Cliza y Tolata,https://www1.upb.edu/revista-investigacion-desarrollo/index.php/id/article/view/199/512,Article cost results / annual-equivalent-cost section,2019,2019,Not independently established from cited evidence,"Existing source-evidence record with current metric, unit and context review; not an exhaustive new full-text audit.",WWTP_BOLIVIA_TOLATA_UASB,39-row core
typical U.S. municipal WWTP operating cost,4000000.0,4000000.0,"USD/year operating cost; 100,000 m3/day wastewater volume",USD,"Typical U.S. 100,000 m3/day plant","The slide describes the 'typical' U.S. 100,000 m3/day plant with wastewater volume 100,000 m3/day and annual operating cost $4 million/year.",Derived operating unit cost; useful as high-income anchor but not a plant-specific ex-post accounting record.,Giving Wastewater a Boost with Breakthroughs in Secondary Treatment,https://www.energy.gov/sites/prod/files/2015/10/f27/Giles_Washington_DC_April_2015_WW.pdf,Slide/page 13,2015,2015,Not independently established from cited evidence,"Existing source-evidence record with current metric, unit and context review; not an exhaustive new full-text audit.",WWTP_US_TYPICAL_OPERATING_COST_DOE,39-row core
municipal WWTP O&M; aerobic biological treatment,0.27,0.27,EUR/m3 treated wastewater; O&M cost,EUR,Zepce municipality; Karaula WWTP,Table 1 reports Karaula WWTP designed capacity 6000 PE and average inflow 1700 m3/d; Table 4 reports O&M cost 0.27 EUR/m3.,O&M-only cost; keep separate from capital/full lifecycle interpretation.,Feasibility of applying sustainable and innovative technologies and approaches in wastewater treatment in small size settlements in Danube region,https://publications.jrc.ec.europa.eu/repository/bitstream/JRC115606/sfp_report_final.pdf,"Zepce case study, Table 1 and Table 4",2018,2017,Not independently established from cited evidence,"Existing source-evidence record with current metric, unit and context review; not an exhaustive new full-text audit.",WWTP_BIH_ZEPCE_OM_JRC_2017,39-row core
municipal WWTP O&M; sequencing batch reactor,0.28,0.28,EUR/m3 treated wastewater; O&M cost,EUR,Odzak municipality,Table 1 reports average daily quantity of purified wastewater 470 m3; Table 3 reports total O&M cost 0.28 EUR/m3.,O&M-only cost; keep separate from capital/full lifecycle interpretation.,Feasibility of applying sustainable and innovative technologies and approaches in wastewater treatment in small size settlements in Danube region,https://publications.jrc.ec.europa.eu/repository/bitstream/JRC115606/sfp_report_final.pdf,"Odzak case study, Table 1 and Table 3",2018,2017,Not independently established from cited evidence,"Existing source-evidence record with current metric, unit and context review; not an exhaustive new full-text audit.",WWTP_BIH_ODZAK_OM_JRC_2017,39-row core
municipal WWTP O&M; 18-plant sample,0.14,0.27,EUR/m3 treated water; operation and maintenance,EUR,Jaen province; 18 municipal wastewater treatment plants,"Table 5 reports operation and maintenance costs per m3 treated water: average 0.25 EUR/m3, minimum 0.14, maximum 0.27.",O&M-only empirical sample; no m3/day weights available from the extracted table.,Cost of Urban Wastewater Treatment and Ecotaxes: Evidence from Municipalities in Southern Europe,https://www.mdpi.com/2073-4441/11/3/423/pdf,Table 5,2019,2017,Not independently established from cited evidence,"Existing source-evidence record with current metric, unit and context review; not an exhaustive new full-text audit.",WWTP_SPAIN_JAEN_OM_WATER2019,39-row core
tilapia pond production cost / breakeven,72.0,77.0,KSh/kg live tilapia,KES,Kenya 1-ha pond enterprise budget,Budget reports breakeven price above total variable cost KSh72/kg and above total cost KSh77/kg.,"Breakeven price is a cost-equivalent production benchmark, not sale price.",Tilapia Farm Business Management and Economics: A Training Manual,https://extension.rwfm.tamu.edu/wp-content/uploads/sites/8/2013/09/Tilapia-Farm-Business-Management-and-Economics-A-Training-Manual.pdf ; https://thefishsite.com/articles/tilapia-farm-business-management-and-economics-a-training-manual,"PDF enterprise budget text, lines 439-457 in prior extraction",2005.0,2005.0,Not independently established from cited evidence,"Existing source-evidence record with current metric, unit and context review; not an exhaustive new full-text audit.",AQUA_KENYA_TILAPIA_POND_BREAKEVEN,39-row core
tilapia farming breakeven by scale,77.33,81.56,Tk/kg fish,BDT,Bangladesh tilapia farms,Break-even prices are Tk77.33/kg for large farmers and Tk81.56/kg for small farmers.,Currency year set to 2019 survey/near-period rate; use as approximate cross-country comparison.,Profitability assessment and efficiency analysis of tilapia farming in Bangladesh,https://ageconsearch.umn.edu/record/324678/files/20%29%20IJARIT%200381.pdf,Article table / break-even analysis section,2022.0,2019.0,Not independently established from cited evidence,"Existing source-evidence record with current metric, unit and context review; not an exhaustive new full-text audit.",AQUA_BANGLADESH_TILAPIA_BREAKEVEN,39-row core
small-scale outdoor pond tilapia,0.76,0.76,USD/lb harvested fish,USD,Florida outdoor pond tilapia,Table 5 reports cost per pound harvested of $0.76/lb.,,"A Preliminary Assessment of the Costs and Earnings of Commercial, Small-Scale, Outdoor Pond Culture of Tilapia in Florida",https://ufdcimages.uflib.ufl.edu/IR/00/00/18/64/00001/FE21000.pdf,Table 5,2000.0,2000.0,Not independently established from cited evidence,"Existing source-evidence record with current metric, unit and context review; not an exhaustive new full-text audit.",AQUA_US_FLORIDA_TILAPIA_POND_COST,39-row core
small tilapia cage operation,2.29,2.29,USD/kg fish,USD,"Lake Victoria cage aquaculture, Uganda","Publication reports cost needed to produce 1 kg of tilapia: USD2.29, USD2.00 and USD1.82 for small, medium and large cage operations.",,Economics of commercial tilapia cage aquaculture in Uganda: How economies of scale affect profitability,https://www.grocentre.is/ftp/moya/gro/index/publication/economics-of-commercial-tilapia-cage-aquaculture-in-uganda-how-economies-of-scale-affect-profitability ; https://www.grocentre.is/static/gro/publication/1786/document/Nazziwa21prf.pdf,GRÓ publication page lines 72-75 and PDF abstract/results,2021.0,2021.0,Not independently established from cited evidence,"Existing source-evidence record with current metric, unit and context review; not an exhaustive new full-text audit.",AQUA_UGANDA_CAGE_SMALL_COST,39-row core
medium tilapia cage operation,2.0,2.0,USD/kg fish,USD,"Lake Victoria cage aquaculture, Uganda","Publication reports cost needed to produce 1 kg of tilapia: USD2.29, USD2.00 and USD1.82 for small, medium and large cage operations.",,Economics of commercial tilapia cage aquaculture in Uganda: How economies of scale affect profitability,https://www.grocentre.is/ftp/moya/gro/index/publication/economics-of-commercial-tilapia-cage-aquaculture-in-uganda-how-economies-of-scale-affect-profitability ; https://www.grocentre.is/static/gro/publication/1786/document/Nazziwa21prf.pdf,GRÓ publication page lines 72-75 and PDF abstract/results,2021.0,2021.0,Not independently established from cited evidence,"Existing source-evidence record with current metric, unit and context review; not an exhaustive new full-text audit.",AQUA_UGANDA_CAGE_MEDIUM_COST,39-row core
large tilapia cage operation,1.82,1.82,USD/kg fish,USD,"Lake Victoria cage aquaculture, Uganda","Publication reports cost needed to produce 1 kg of tilapia: USD2.29, USD2.00 and USD1.82 for small, medium and large cage operations.",,Economics of commercial tilapia cage aquaculture in Uganda: How economies of scale affect profitability,https://www.grocentre.is/ftp/moya/gro/index/publication/economics-of-commercial-tilapia-cage-aquaculture-in-uganda-how-economies-of-scale-affect-profitability ; https://www.grocentre.is/static/gro/publication/1786/document/Nazziwa21prf.pdf,GRÓ publication page lines 72-75 and PDF abstract/results,2021.0,2021.0,Not independently established from cited evidence,"Existing source-evidence record with current metric, unit and context review; not an exhaustive new full-text audit.",AQUA_UGANDA_CAGE_LARGE_COST,39-row core
"carp polyculture, intensive feeding",0.73,0.73,USD/kg fish break-even price,USD,Jiangsu province carp polyculture case study,"Summary reports 20 replicate farms per feeding practice; break-even prices were US$0.73, US$0.79 and US$0.61/kg for intensive, semi-intensive and traditional farms, with break-even production 11,085, 6,891 and 4,132 kg/ha.",Break-even production is used as a production-scale weight proxy; product form is carp polyculture fish.,Economics of aquaculture feeding practices: China,https://www.fao.org/4/a1456e/a1456e03a.pdf,"Summary, pp. 65-66; Table 2 sample sizes; Table 8 pond areas",2007.0,2005.0,Not independently established from cited evidence,"Existing source-evidence record with current metric, unit and context review; not an exhaustive new full-text audit.",AQUA_CHINA_CARP_INTENSIVE_FAO,39-row core
"carp polyculture, semi-intensive feeding",0.79,0.79,USD/kg fish break-even price,USD,Jiangsu province carp polyculture case study,"Summary reports 20 replicate farms per feeding practice; break-even prices were US$0.73, US$0.79 and US$0.61/kg for intensive, semi-intensive and traditional farms, with break-even production 11,085, 6,891 and 4,132 kg/ha.",Break-even production is used as a production-scale weight proxy; product form is carp polyculture fish.,Economics of aquaculture feeding practices: China,https://www.fao.org/4/a1456e/a1456e03a.pdf,"Summary, pp. 65-66; Table 2 sample sizes; Table 8 pond areas",2007.0,2005.0,Not independently established from cited evidence,"Existing source-evidence record with current metric, unit and context review; not an exhaustive new full-text audit.",AQUA_CHINA_CARP_SEMI_INTENSIVE_FAO,39-row core
"carp polyculture, traditional feeding",0.61,0.61,USD/kg fish break-even price,USD,Jiangsu province carp polyculture case study,"Summary reports 20 replicate farms per feeding practice; break-even prices were US$0.73, US$0.79 and US$0.61/kg for intensive, semi-intensive and traditional farms, with break-even production 11,085, 6,891 and 4,132 kg/ha.",Break-even production is used as a production-scale weight proxy; product form is carp polyculture fish.,Economics of aquaculture feeding practices: China,https://www.fao.org/4/a1456e/a1456e03a.pdf,"Summary, pp. 65-66; Table 2 sample sizes; Table 8 pond areas",2007.0,2005.0,Not independently established from cited evidence,"Existing source-evidence record with current metric, unit and context review; not an exhaustive new full-text audit.",AQUA_CHINA_CARP_TRADITIONAL_FAO,39-row core
pangasius pond aquaculture production cost,10520.0,10520.0,VND/kg harvested pangasius; total costs per output,VND,Mekong Delta pangasius farms; 2006 survey,"Table 2 reports 2006 output 130.62 ton and total costs per output 10,520.00 VND/kg over one production cycle; footnote reports 1 USD = 15,972 VND in 2006.",Weight is a production-cycle scale proxy; it is not national annual production. DOI: https://doi.org/10.5950/0738-1360-25.4.373.,The Influence of Changes in the Market Environment on Economic Production Characteristics of Pangasius Farming in the Mekong Delta (Vietnam),https://www.vliz.be/imisdocs/publications/231379.pdf,Table 2 and exchange-rate footnote,2010.0,2006.0,Not independently established from cited evidence,"Existing source-evidence record with current metric, unit and context review; not an exhaustive new full-text audit.",AQUA_VIETNAM_PANGASIUS_COST_BINH2010,39-row core
semi-intensive freshwater fish pond production cost,72.5,72.5,INR/kg fish; cost of production,INR,"Gorakhpur district, Uttar Pradesh",Table 1 reports cost of production Rs.72.50/Kg; Table 2 reports yield 4737.18 kg/ha.,Currency year set to 2019 based on the study period 2019-20.,An Economic Analysis of Semi-Intensive Culture of Freshwater Fish in Gorakhpur District of Uttar Pradesh,https://ageconsearch.umn.edu/record/345216/files/An%20Economic%20Analysis%20of%20Semi-Intensive.pdf,Table 1 and Table 2,2024.0,2019.0,Not independently established from cited evidence,"Existing source-evidence record with current metric, unit and context review; not an exhaustive new full-text audit.",AQUA_INDIA_CARP_POND_COST_2019,39-row core
salmon and rainbow trout production cost,59.97,59.97,NOK/kg produced fish; production costs per kg,NOK,Norwegian aquaculture companies; ordinary grow-out production,"Table G.2 reports average production 16,225 tonnes; Table G.3 reports production costs per kg produced fish 59.97 NOK/kg.",Large-scale salmon/trout record strongly affects weighted high-income mean; interpret source-level weighting cautiously.,Profitability survey on the production of salmon and rainbow trout 2024,https://www.fiskeridir.no/statistikk-tall-og-analyse/data-og-statistikk-om-akvakultur/statistiske-publikasjon-innen-akvakultur/_/attachment/inline/3283f78a-bfa7-4c96-a2f7-8b25bf2a2219%3Acec2c68b4b9a64c5a97b917e1513a42c7a4d1ab3/rap-lonnsomhet-akvakultur-2024.pdf,Tables G.2 and G.3,2025.0,2024.0,Not independently established from cited evidence,"Existing source-evidence record with current metric, unit and context review; not an exhaustive new full-text audit.",AQUA_NORWAY_SALMON_TROUT_COST_2024,39-row core
catfish pond enterprise budget; beginner 5-acre scenario,0.74,0.74,USD/lb fish; break-even production cost,USD,"Texas, 5-acre catfish pond budget","Table 1 reports beginner producer 5-acre total production 17,500 lb and break-even production costs $0.74/lb.","Budget scenario, not a measured farm survey.",Texas Catfish Production in Ponds,https://extension.rwfm.tamu.edu/wp-content/uploads/sites/8/2013/09/Texas-Catfish-Production-in-Ponds.pdf,Table 1,2005.0,2005.0,Not independently established from cited evidence,"Existing source-evidence record with current metric, unit and context review; not an exhaustive new full-text audit.",AQUA_US_TEXAS_CATFISH_BEGINNER_2005,39-row core
catfish pond enterprise budget; commercial 100-acre scenario,0.65,0.65,USD/lb fish; break-even production cost,USD,"Texas, 100-acre catfish pond budget","Table 1 reports commercial producer 100-acre total production 450,000 lb and break-even production costs $0.65/lb.","Budget scenario, not a measured farm survey.",Texas Catfish Production in Ponds,https://extension.rwfm.tamu.edu/wp-content/uploads/sites/8/2013/09/Texas-Catfish-Production-in-Ponds.pdf,Table 1,2005.0,2005.0,Not independently established from cited evidence,"Existing source-evidence record with current metric, unit and context review; not an exhaustive new full-text audit.",AQUA_US_TEXAS_CATFISH_COMMERCIAL_2005,39-row core
livelihood transition subsidy,1940.0,1940.0,RMB/person-month,CNY,"Taihu, Suzhou","Notice lists 6912 RMB/mu water-occupation compensation, 6500 RMB/mu-year for two years, 4000 RMB/mu facilities compensation; livelihood subsidy is 1940 RMB/person-month; rewards are 750+750 RMB/mu.",,Announcement on compensation for removal of net enclosures in Lake Taihu (Su Fu Gong [2018] No. 4) [translated title],https://www.suzhou.gov.cn/szsrmzf/zfwj/201805/LQJZ9KC3GM25LQRTJA6R74K02KZKWB9M.shtml,"Compensation-standard section, lines 79-110 in web extraction",2018.0,2018.0,Not independently established from cited evidence,"Existing source-evidence record with current metric, unit and context review; not an exhaustive new full-text audit.",FISHERY_TAIHU_LIVELIHOOD_SUBSIDY,39-row core
fisher income-support after Atlantic groundfish closure; minimum weekly benefit,211.0,211.0,CAD/person-week income support,CAD,Atlantic Canada; The Atlantic Groundfish Strategy,"Report states TAGS income-support benefits ranged from CAD 211 to CAD 382 per week, depending on previous fishing income and household circumstances.",Minimum benefit point; paired max row records the upper benefit.,The Atlantic Groundfish Strategy: Review of the Income Support and Training Components,https://publications.gc.ca/collections/collection_2017/edsc-esdc/MP43-358-1998-eng.pdf,Program income-support description; benefit range,1998.0,1994.0,Not independently established from cited evidence,"Existing source-evidence record with current metric, unit and context review; not an exhaustive new full-text audit.",LIVELIHOOD_CANADA_TAGS_MIN_1994,39-row core
fisher income-support after Atlantic groundfish closure; maximum weekly benefit,382.0,382.0,CAD/person-week income support,CAD,Atlantic Canada; The Atlantic Groundfish Strategy,"Report states TAGS income-support benefits ranged from CAD 211 to CAD 382 per week, depending on previous fishing income and household circumstances.",Maximum benefit point; use range endpoints rather than a single Canada mean if plotting source-level uncertainty.,The Atlantic Groundfish Strategy: Review of the Income Support and Training Components,https://publications.gc.ca/collections/collection_2017/edsc-esdc/MP43-358-1998-eng.pdf,Program income-support description; benefit range,1998.0,1994.0,Not independently established from cited evidence,"Existing source-evidence record with current metric, unit and context review; not an exhaustive new full-text audit.",LIVELIHOOD_CANADA_TAGS_MAX_1994,39-row core
closed-season fisher income support; Seguro-Defeso,1212.0,1212.0,BRL/person-month; one monthly minimum wage,BRL,Brazil artisanal fishers during legally defined closed seasons,"Government programme page states the Seguro-Defeso value corresponds to one monthly minimum wage paid throughout the closed season; Previdencia notice states the 2022 national minimum wage was BRL 1,212.",Uses statutory benefit rule and official minimum wage amount; recipient counts are not used as weights.,Seguro-Defeso closed-season fisher benefit,https://www.gov.br/trabalho-e-emprego/pt-br/acesso-a-informacao/acoes-e-programas/programas-projetos-acoes-obras-e-atividades/seguro-desemprego-do-pescador-artesanal; https://www.gov.br/inss/pt-br/noticias/beneficios-acima-do-minimo-tem-reajuste-de-10-16,Programme page benefit-value statement; 2022 national minimum-wage notice,2022.0,2022.0,Not independently established from cited evidence,"Existing source-evidence record with current metric, unit and context review; not an exhaustive new full-text audit.",LIVELIHOOD_BRAZIL_SEGURO_DEFESO_2022,39-row core
marine fishing-ban family relief assistance,5000.0,5000.0,INR/family/event; fishing-ban period,INR,Tamil Nadu marine fishermen families during annual fishing ban,"Scheme page gives funding pattern/unit cost of Rs. 5,000 per marine fishermen family during the fishing ban period.",Recipient denominator is family rather than individual fisher; retained because the requested unit is person-month/fisher support and the programme pays registered fishermen families.,Relief assistance to Marine Fishermen families during fishing ban period,https://www.fisheries.tn.gov.in/MARINE-FISHERFOLK-WELFARE-SCHEMES/Relief-assistance-to-Marine-Fishermen-families-during-fishing-ban-period/,"Scheme page, funding pattern",2024.0,2024.0,Not independently established from cited evidence,"Existing source-evidence record with current metric, unit and context review; not an exhaustive new full-text audit.",LIVELIHOOD_INDIA_TN_BAN_RELIEF_2024,39-row core
in-kind rice compensation during hilsa fishing bans,40.0,40.0,kg rice/household/month,in-kind rice,Bangladesh registered hilsa fishers during sanctuary/ban periods,Programme descriptions report 40 kg rice per registered fisher household per month during hilsa fishing-ban periods.,"Do not mix with USD/person-month unless a separate, defensible rice-price source and year is selected. Monetized using USDA FAS Bangladesh 2019 retail rice price of USD 0.47/kg; use as sensitivity/annotation.",Hilsa fishery management compensation descriptions,https://www.sciencedirect.com/science/article/pii/S0308597X17302671,Hilsa sanctuary compensation description,,,Not independently established from cited evidence,"Existing source-evidence record with current metric, unit and context review; not an exhaustive new full-text audit.",LIVELIHOOD_BANGLADESH_HILSA_RICE_40KG,39-row core
Jiujiang four urban WWTP efficiency scenarios,0.42,1.04,RMB/m3,,"Jiujiang, China",0.42-1.04,This is not artificial-wetland energy consumption; it is a real Jiujiang WWTP operational efficiency scenario.,"Efficiency improvement of wastewater treatment plants under the background of double carbon: a case study in Jiujiang city, China",https://doi.org/10.3389/fenvs.2024.1331092 ; https://www.frontiersin.org/journals/environmental-science/articles/10.3389/fenvs.2024.1331092/full,"Frontiers abstract lines 360-365: operational costs could be reduced by 0.42-1.04 RMB/m3, 35%-57%; Scenario 2 cost reduction 0.43-1.31 RMB/m3.",2024,2024,Not independently established from cited evidence,"Existing source-evidence record with current metric, unit and context review; not an exhaustive new full-text audit.",R63_WWTP_JIUJIANG_2024_SCENARIO3_COST_SAVING,47-candidate
Taihu net-pen removal direct compensation,23912.0,23912.0,RMB/mu,,"Taihu waters within Suzhou administrative area, China",6912 RMB/mu + 6500 RMB/mu-year x 2 years + 4000 RMB/mu = 23912 RMB/mu direct compensation; equivalent to 358680 RMB/ha before rewards and livelihood subsidy.,"Official compensation formula: 6,912 + 6,500 x 2 + 4,000 = 23,912 RMB/mu. Conditional rewards and livelihood subsidy are separate.",关于太湖围网拆除补偿方案的公告（苏府公〔2018〕4号）,https://www.suzhou.gov.cn/szsrmzf/zfwj/201805/LQJZ9KC3GM25LQRTJA6R74K02KZKWB9M.shtml,"Lines 79-98: compensation policy; lines 87-93 list 6912 RMB/mu, 6500 RMB/mu-year for two years, and 4000 RMB/mu aquaculture facility compensation.",2018,2018,Not independently established from cited evidence,"Existing source-evidence record with current metric, unit and context review; not an exhaustive new full-text audit.",R63_TAIHU_2018_NET_PEN_COMP_DIRECT,47-candidate
Elk/Beaver Lake annual O&M cost,100000.0,150000.0,CAD/year annual maintenance,,Canada (Elk/Beaver Lake),"CAD 100,000–150,000 per year",Annual operation and maintenance cost range for the Elk/Beaver Lake case.,Collaborative valuation of ecosystem services to inform lake remediation,https://doi.org/10.1016/j.envsci.2023.103595,"Table 5 reports CAD 100,000–150,000 annual maintenance for oxygenation.",2023,2023,Not independently established from cited evidence,"Existing source-evidence record with current metric, unit and context review; not an exhaustive new full-text audit.",OLD_D0042,47-candidate
Taihu Basin water-environment comprehensive management plan investment,116413.0,116413.0,million RMB,,"Taihu Basin, China","The 2013 revised plan lists 11 categories, 542 key projects, and total estimated investment of 1164.13 yi yuan (RMB 116.413 billion).",2013 revised plan; 1164.13 hundred-million RMB x 100 = 116413 million RMB; total investment,太湖流域水环境综合治理总体方案（2013年修编）,https://www.ndrc.gov.cn/xxgk/zcfb/tz/201401/W020190905508283518222.pdf,"PDF page 60, lines 1420-1422: 11 categories, 542 key projects, total investment 1164.13 亿元; lines 1427-1433 split near/far-term and provincial investment.",2013,2013,Not independently established from cited evidence,"Existing source-evidence record with current metric, unit and context review; not an exhaustive new full-text audit.",R63_TAIHU_2013_REVISED_PLAN_INVESTMENT,47-candidate
Managed Aquatic Plant Systems,24.0,24.0,USD/kg P removed,USD,"Everglades, Florida",Table 2 lists treatment types and average costs for total P removed in $/kg P removed; rows include MAPS 24 and RASTA 77 USD/kg P.,,Cost Effectiveness of Phosphorus Removal in Selected Everglades Stormwater Treatment Projects,https://ask.ifas.ufl.edu/publication/FE576,Table 2,2005,2005,Not independently established from cited evidence,"Existing source-evidence record with current metric, unit and context review; not an exhaustive new full-text audit.",REST_EVERGLADES_MAPS,75-source high-quality
Reservoir-Assisted Stormwater Treatment Area,77.0,77.0,USD/kg P removed,USD,"Everglades, Florida",Table 2 lists treatment types and average costs for total P removed in $/kg P removed; rows include MAPS 24 and RASTA 77 USD/kg P.,,Cost Effectiveness of Phosphorus Removal in Selected Everglades Stormwater Treatment Projects,https://ask.ifas.ufl.edu/publication/FE576,Table 2,2005,2005,Not independently established from cited evidence,"Existing source-evidence record with current metric, unit and context review; not an exhaustive new full-text audit.",REST_EVERGLADES_RASTA,75-source high-quality
Stormwater Treatment Area STA-1E,469.0,469.0,USD/kg P removed,USD,"Everglades, Florida",Table 2 lists treatment types and average costs for total P removed in $/kg P removed; rows include MAPS 24 and RASTA 77 USD/kg P.,,Cost Effectiveness of Phosphorus Removal in Selected Everglades Stormwater Treatment Projects,https://ask.ifas.ufl.edu/publication/FE576,Table 2,2005,2005,Not independently established from cited evidence,"Existing source-evidence record with current metric, unit and context review; not an exhaustive new full-text audit.",REST_EVERGLADES_STA1E,75-source high-quality
Stormwater Treatment Area STA-1W,1346.0,1346.0,USD/kg P removed,USD,"Everglades, Florida",Table 2 lists treatment types and average costs for total P removed in $/kg P removed; rows include MAPS 24 and RASTA 77 USD/kg P.,,Cost Effectiveness of Phosphorus Removal in Selected Everglades Stormwater Treatment Projects,https://ask.ifas.ufl.edu/publication/FE576,Table 2,2005,2005,Not independently established from cited evidence,"Existing source-evidence record with current metric, unit and context review; not an exhaustive new full-text audit.",REST_EVERGLADES_STA1W,75-source high-quality
Stormwater Treatment Area STA-2,895.0,895.0,USD/kg P removed,USD,"Everglades, Florida",Table 2 lists treatment types and average costs for total P removed in $/kg P removed; rows include MAPS 24 and RASTA 77 USD/kg P.,,Cost Effectiveness of Phosphorus Removal in Selected Everglades Stormwater Treatment Projects,https://ask.ifas.ufl.edu/publication/FE576,Table 2,2005,2005,Not independently established from cited evidence,"Existing source-evidence record with current metric, unit and context review; not an exhaustive new full-text audit.",REST_EVERGLADES_STA2,75-source high-quality
Stormwater Treatment Area STA-3/4,442.0,442.0,USD/kg P removed,USD,"Everglades, Florida",Table 2 lists treatment types and average costs for total P removed in $/kg P removed; rows include MAPS 24 and RASTA 77 USD/kg P.,,Cost Effectiveness of Phosphorus Removal in Selected Everglades Stormwater Treatment Projects,https://ask.ifas.ufl.edu/publication/FE576,Table 2,2005,2005,Not independently established from cited evidence,"Existing source-evidence record with current metric, unit and context review; not an exhaustive new full-text audit.",REST_EVERGLADES_STA34,75-source high-quality
Stormwater Treatment Area STA-5,369.0,369.0,USD/kg P removed,USD,"Everglades, Florida",Table 2 lists treatment types and average costs for total P removed in $/kg P removed; rows include MAPS 24 and RASTA 77 USD/kg P.,,Cost Effectiveness of Phosphorus Removal in Selected Everglades Stormwater Treatment Projects,https://ask.ifas.ufl.edu/publication/FE576,Table 2,2005,2005,Not independently established from cited evidence,"Existing source-evidence record with current metric, unit and context review; not an exhaustive new full-text audit.",REST_EVERGLADES_STA5,75-source high-quality
Stormwater Treatment Area STA-6,1109.0,1109.0,USD/kg P removed,USD,"Everglades, Florida",Table 2 lists treatment types and average costs for total P removed in $/kg P removed; rows include MAPS 24 and RASTA 77 USD/kg P.,,Cost Effectiveness of Phosphorus Removal in Selected Everglades Stormwater Treatment Projects,https://ask.ifas.ufl.edu/publication/FE576,Table 2,2005,2005,Not independently established from cited evidence,"Existing source-evidence record with current metric, unit and context review; not an exhaustive new full-text audit.",REST_EVERGLADES_STA6,75-source high-quality
Everglades Stormwater Program ACME B,268.0,268.0,USD/kg P removed,USD,"Everglades, Florida",Table 2 lists treatment types and average costs for total P removed in $/kg P removed; rows include MAPS 24 and RASTA 77 USD/kg P.,,Cost Effectiveness of Phosphorus Removal in Selected Everglades Stormwater Treatment Projects,https://ask.ifas.ufl.edu/publication/FE576,Table 2,2005,2005,Not independently established from cited evidence,"Existing source-evidence record with current metric, unit and context review; not an exhaustive new full-text audit.",REST_EVERGLADES_ACME_B,75-source high-quality
Everglades Stormwater Program Feeder Canal,686.0,686.0,USD/kg P removed,USD,"Everglades, Florida",Table 2 lists treatment types and average costs for total P removed in $/kg P removed; rows include MAPS 24 and RASTA 77 USD/kg P.,,Cost Effectiveness of Phosphorus Removal in Selected Everglades Stormwater Treatment Projects,https://ask.ifas.ufl.edu/publication/FE576,Table 2,2005,2005,Not independently established from cited evidence,"Existing source-evidence record with current metric, unit and context review; not an exhaustive new full-text audit.",REST_EVERGLADES_FEEDER_CANAL,75-source high-quality
Everglades Stormwater Program L-28,318.0,318.0,USD/kg P removed,USD,"Everglades, Florida",Table 2 lists treatment types and average costs for total P removed in $/kg P removed; rows include MAPS 24 and RASTA 77 USD/kg P.,,Cost Effectiveness of Phosphorus Removal in Selected Everglades Stormwater Treatment Projects,https://ask.ifas.ufl.edu/publication/FE576,Table 2,2005,2005,Not independently established from cited evidence,"Existing source-evidence record with current metric, unit and context review; not an exhaustive new full-text audit.",REST_EVERGLADES_L28,75-source high-quality
forest buffer,5.89,5.89,USD/lb TN reduced,USD,Maryland / Chesapeake Bay BMP cost-effectiveness assumptions,"Table 2 gives annualized unit cost per implementation acre and $/lb TN and $/lb TP for BMPs including buffers, fencing, tillage, nutrient management and wetlands.",,Maryland Chesapeake Bay Restoration Cost Estimates,https://mde.maryland.gov/programs/water/TMDL/TMDLImplementation/Documents/Phase-III-WIP-Report/Final%20Phase%20III%20WIP%20Package/Supplemental%20Information/UMCES_BMP_Costs_Report_032921.pdf,Table 2,2021,2021,Not independently established from cited evidence,"Existing source-evidence record with current metric, unit and context review; not an exhaustive new full-text audit.",WATERSHED_MD_FOREST_BUFFER_N,75-source high-quality
forest buffer,48.76,48.76,USD/lb TP reduced,USD,Maryland / Chesapeake Bay BMP cost-effectiveness assumptions,"Table 2 gives annualized unit cost per implementation acre and $/lb TN and $/lb TP for BMPs including buffers, fencing, tillage, nutrient management and wetlands.",,Maryland Chesapeake Bay Restoration Cost Estimates,https://mde.maryland.gov/programs/water/TMDL/TMDLImplementation/Documents/Phase-III-WIP-Report/Final%20Phase%20III%20WIP%20Package/Supplemental%20Information/UMCES_BMP_Costs_Report_032921.pdf,Table 2,2021,2021,Not independently established from cited evidence,"Existing source-evidence record with current metric, unit and context review; not an exhaustive new full-text audit.",WATERSHED_MD_FOREST_BUFFER_P,75-source high-quality
forest buffer,92.0,92.0,USD/implementation acre/year,USD,Maryland / Chesapeake Bay BMP cost assumptions,Table 2 lists annualized unit cost per implementation acre for each BMP.,,Maryland Chesapeake Bay Restoration Cost Estimates,https://mde.maryland.gov/programs/water/TMDL/TMDLImplementation/Documents/Phase-III-WIP-Report/Final%20Phase%20III%20WIP%20Package/Supplemental%20Information/UMCES_BMP_Costs_Report_032921.pdf,Table 2,2021,2021,Not independently established from cited evidence,"Existing source-evidence record with current metric, unit and context review; not an exhaustive new full-text audit.",WATERSHED_MD_FOREST_BUFFER_AREAL,75-source high-quality
grass buffer,16.59,16.59,USD/lb TN reduced,USD,Maryland / Chesapeake Bay BMP cost-effectiveness assumptions,"Table 2 gives annualized unit cost per implementation acre and $/lb TN and $/lb TP for BMPs including buffers, fencing, tillage, nutrient management and wetlands.",,Maryland Chesapeake Bay Restoration Cost Estimates,https://mde.maryland.gov/programs/water/TMDL/TMDLImplementation/Documents/Phase-III-WIP-Report/Final%20Phase%20III%20WIP%20Package/Supplemental%20Information/UMCES_BMP_Costs_Report_032921.pdf,Table 2,2021,2021,Not independently established from cited evidence,"Existing source-evidence record with current metric, unit and context review; not an exhaustive new full-text audit.",WATERSHED_MD_GRASS_BUFFER_N,75-source high-quality
grass buffer,36.22,36.22,USD/lb TP reduced,USD,Maryland / Chesapeake Bay BMP cost-effectiveness assumptions,"Table 2 gives annualized unit cost per implementation acre and $/lb TN and $/lb TP for BMPs including buffers, fencing, tillage, nutrient management and wetlands.",,Maryland Chesapeake Bay Restoration Cost Estimates,https://mde.maryland.gov/programs/water/TMDL/TMDLImplementation/Documents/Phase-III-WIP-Report/Final%20Phase%20III%20WIP%20Package/Supplemental%20Information/UMCES_BMP_Costs_Report_032921.pdf,Table 2,2021,2021,Not independently established from cited evidence,"Existing source-evidence record with current metric, unit and context review; not an exhaustive new full-text audit.",WATERSHED_MD_GRASS_BUFFER_P,75-source high-quality
grass buffer,91.0,91.0,USD/implementation acre/year,USD,Maryland / Chesapeake Bay BMP cost assumptions,Table 2 lists annualized unit cost per implementation acre for each BMP.,,Maryland Chesapeake Bay Restoration Cost Estimates,https://mde.maryland.gov/programs/water/TMDL/TMDLImplementation/Documents/Phase-III-WIP-Report/Final%20Phase%20III%20WIP%20Package/Supplemental%20Information/UMCES_BMP_Costs_Report_032921.pdf,Table 2,2021,2021,Not independently established from cited evidence,"Existing source-evidence record with current metric, unit and context review; not an exhaustive new full-text audit.",WATERSHED_MD_GRASS_BUFFER_AREAL,75-source high-quality
streamside fencing,21.02,21.02,USD/lb TN reduced,USD,Maryland / Chesapeake Bay BMP cost-effectiveness assumptions,"Table 2 gives annualized unit cost per implementation acre and $/lb TN and $/lb TP for BMPs including buffers, fencing, tillage, nutrient management and wetlands.",,Maryland Chesapeake Bay Restoration Cost Estimates,https://mde.maryland.gov/programs/water/TMDL/TMDLImplementation/Documents/Phase-III-WIP-Report/Final%20Phase%20III%20WIP%20Package/Supplemental%20Information/UMCES_BMP_Costs_Report_032921.pdf,Table 2,2021,2021,Not independently established from cited evidence,"Existing source-evidence record with current metric, unit and context review; not an exhaustive new full-text audit.",WATERSHED_MD_STREAMSIDE_FENCING_N,75-source high-quality
streamside fencing,164.61,164.61,USD/lb TP reduced,USD,Maryland / Chesapeake Bay BMP cost-effectiveness assumptions,"Table 2 gives annualized unit cost per implementation acre and $/lb TN and $/lb TP for BMPs including buffers, fencing, tillage, nutrient management and wetlands.",,Maryland Chesapeake Bay Restoration Cost Estimates,https://mde.maryland.gov/programs/water/TMDL/TMDLImplementation/Documents/Phase-III-WIP-Report/Final%20Phase%20III%20WIP%20Package/Supplemental%20Information/UMCES_BMP_Costs_Report_032921.pdf,Table 2,2021,2021,Not independently established from cited evidence,"Existing source-evidence record with current metric, unit and context review; not an exhaustive new full-text audit.",WATERSHED_MD_STREAMSIDE_FENCING_P,75-source high-quality
streamside fencing,123.0,123.0,USD/implementation acre/year,USD,Maryland / Chesapeake Bay BMP cost assumptions,Table 2 lists annualized unit cost per implementation acre for each BMP.,,Maryland Chesapeake Bay Restoration Cost Estimates,https://mde.maryland.gov/programs/water/TMDL/TMDLImplementation/Documents/Phase-III-WIP-Report/Final%20Phase%20III%20WIP%20Package/Supplemental%20Information/UMCES_BMP_Costs_Report_032921.pdf,Table 2,2021,2021,Not independently established from cited evidence,"Existing source-evidence record with current metric, unit and context review; not an exhaustive new full-text audit.",WATERSHED_MD_STREAMSIDE_FENCING_AREAL,75-source high-quality
conservation tillage,10.05,10.05,USD/lb TN reduced,USD,Maryland / Chesapeake Bay BMP cost-effectiveness assumptions,"Table 2 gives annualized unit cost per implementation acre and $/lb TN and $/lb TP for BMPs including buffers, fencing, tillage, nutrient management and wetlands.",,Maryland Chesapeake Bay Restoration Cost Estimates,https://mde.maryland.gov/programs/water/TMDL/TMDLImplementation/Documents/Phase-III-WIP-Report/Final%20Phase%20III%20WIP%20Package/Supplemental%20Information/UMCES_BMP_Costs_Report_032921.pdf,Table 2,2021,2021,Not independently established from cited evidence,"Existing source-evidence record with current metric, unit and context review; not an exhaustive new full-text audit.",WATERSHED_MD_CONSERVATION_TILLAGE_N,75-source high-quality
conservation tillage,304.65,304.65,USD/lb TP reduced,USD,Maryland / Chesapeake Bay BMP cost-effectiveness assumptions,"Table 2 gives annualized unit cost per implementation acre and $/lb TN and $/lb TP for BMPs including buffers, fencing, tillage, nutrient management and wetlands.",,Maryland Chesapeake Bay Restoration Cost Estimates,https://mde.maryland.gov/programs/water/TMDL/TMDLImplementation/Documents/Phase-III-WIP-Report/Final%20Phase%20III%20WIP%20Package/Supplemental%20Information/UMCES_BMP_Costs_Report_032921.pdf,Table 2,2021,2021,Not independently established from cited evidence,"Existing source-evidence record with current metric, unit and context review; not an exhaustive new full-text audit.",WATERSHED_MD_CONSERVATION_TILLAGE_P,75-source high-quality
conservation tillage,24.0,24.0,USD/implementation acre/year,USD,Maryland / Chesapeake Bay BMP cost assumptions,Table 2 lists annualized unit cost per implementation acre for each BMP.,,Maryland Chesapeake Bay Restoration Cost Estimates,https://mde.maryland.gov/programs/water/TMDL/TMDLImplementation/Documents/Phase-III-WIP-Report/Final%20Phase%20III%20WIP%20Package/Supplemental%20Information/UMCES_BMP_Costs_Report_032921.pdf,Table 2,2021,2021,Not independently established from cited evidence,"Existing source-evidence record with current metric, unit and context review; not an exhaustive new full-text audit.",WATERSHED_MD_CONSERVATION_TILLAGE_AREAL,75-source high-quality
nutrient management,5.68,5.68,USD/lb TN reduced,USD,Maryland / Chesapeake Bay BMP cost-effectiveness assumptions,"Table 2 gives annualized unit cost per implementation acre and $/lb TN and $/lb TP for BMPs including buffers, fencing, tillage, nutrient management and wetlands.",,Maryland Chesapeake Bay Restoration Cost Estimates,https://mde.maryland.gov/programs/water/TMDL/TMDLImplementation/Documents/Phase-III-WIP-Report/Final%20Phase%20III%20WIP%20Package/Supplemental%20Information/UMCES_BMP_Costs_Report_032921.pdf,Table 2,2021,2021,Not independently established from cited evidence,"Existing source-evidence record with current metric, unit and context review; not an exhaustive new full-text audit.",WATERSHED_MD_NUTRIENT_MANAGEMENT_N,75-source high-quality
nutrient management,221.87,221.87,USD/lb TP reduced,USD,Maryland / Chesapeake Bay BMP cost-effectiveness assumptions,"Table 2 gives annualized unit cost per implementation acre and $/lb TN and $/lb TP for BMPs including buffers, fencing, tillage, nutrient management and wetlands.",,Maryland Chesapeake Bay Restoration Cost Estimates,https://mde.maryland.gov/programs/water/TMDL/TMDLImplementation/Documents/Phase-III-WIP-Report/Final%20Phase%20III%20WIP%20Package/Supplemental%20Information/UMCES_BMP_Costs_Report_032921.pdf,Table 2,2021,2021,Not independently established from cited evidence,"Existing source-evidence record with current metric, unit and context review; not an exhaustive new full-text audit.",WATERSHED_MD_NUTRIENT_MANAGEMENT_P,75-source high-quality
nutrient management,3.0,3.0,USD/implementation acre/year,USD,Maryland / Chesapeake Bay BMP cost assumptions,Table 2 lists annualized unit cost per implementation acre for each BMP.,,Maryland Chesapeake Bay Restoration Cost Estimates,https://mde.maryland.gov/programs/water/TMDL/TMDLImplementation/Documents/Phase-III-WIP-Report/Final%20Phase%20III%20WIP%20Package/Supplemental%20Information/UMCES_BMP_Costs_Report_032921.pdf,Table 2,2021,2021,Not independently established from cited evidence,"Existing source-evidence record with current metric, unit and context review; not an exhaustive new full-text audit.",WATERSHED_MD_NUTRIENT_MANAGEMENT_AREAL,75-source high-quality
"wetland restoration, headwater",136.87,136.87,USD/lb TN reduced,USD,Maryland / Chesapeake Bay BMP cost-effectiveness assumptions,"Table 2 gives annualized unit cost per implementation acre and $/lb TN and $/lb TP for BMPs including buffers, fencing, tillage, nutrient management and wetlands.",,Maryland Chesapeake Bay Restoration Cost Estimates,https://mde.maryland.gov/programs/water/TMDL/TMDLImplementation/Documents/Phase-III-WIP-Report/Final%20Phase%20III%20WIP%20Package/Supplemental%20Information/UMCES_BMP_Costs_Report_032921.pdf,Table 2,2021,2021,Not independently established from cited evidence,"Existing source-evidence record with current metric, unit and context review; not an exhaustive new full-text audit.",WATERSHED_MD_WETLAND_HEADWATER_N,75-source high-quality
"wetland restoration, headwater",103.66,103.66,USD/lb TP reduced,USD,Maryland / Chesapeake Bay BMP cost-effectiveness assumptions,"Table 2 gives annualized unit cost per implementation acre and $/lb TN and $/lb TP for BMPs including buffers, fencing, tillage, nutrient management and wetlands.",,Maryland Chesapeake Bay Restoration Cost Estimates,https://mde.maryland.gov/programs/water/TMDL/TMDLImplementation/Documents/Phase-III-WIP-Report/Final%20Phase%20III%20WIP%20Package/Supplemental%20Information/UMCES_BMP_Costs_Report_032921.pdf,Table 2,2021,2021,Not independently established from cited evidence,"Existing source-evidence record with current metric, unit and context review; not an exhaustive new full-text audit.",WATERSHED_MD_WETLAND_HEADWATER_P,75-source high-quality
"wetland restoration, headwater",324.0,324.0,USD/implementation acre/year,USD,Maryland / Chesapeake Bay BMP cost assumptions,Table 2 lists annualized unit cost per implementation acre for each BMP.,,Maryland Chesapeake Bay Restoration Cost Estimates,https://mde.maryland.gov/programs/water/TMDL/TMDLImplementation/Documents/Phase-III-WIP-Report/Final%20Phase%20III%20WIP%20Package/Supplemental%20Information/UMCES_BMP_Costs_Report_032921.pdf,Table 2,2021,2021,Not independently established from cited evidence,"Existing source-evidence record with current metric, unit and context review; not an exhaustive new full-text audit.",WATERSHED_MD_WETLAND_HEADWATER_AREAL,75-source high-quality
"wetland restoration, floodplain",89.24,89.24,USD/lb TN reduced,USD,Maryland / Chesapeake Bay BMP cost-effectiveness assumptions,"Table 2 gives annualized unit cost per implementation acre and $/lb TN and $/lb TP for BMPs including buffers, fencing, tillage, nutrient management and wetlands.",,Maryland Chesapeake Bay Restoration Cost Estimates,https://mde.maryland.gov/programs/water/TMDL/TMDLImplementation/Documents/Phase-III-WIP-Report/Final%20Phase%20III%20WIP%20Package/Supplemental%20Information/UMCES_BMP_Costs_Report_032921.pdf,Table 2,2021,2021,Not independently established from cited evidence,"Existing source-evidence record with current metric, unit and context review; not an exhaustive new full-text audit.",WATERSHED_MD_WETLAND_FLOODPLAIN_N,75-source high-quality
"wetland restoration, floodplain",70.77,70.77,USD/lb TP reduced,USD,Maryland / Chesapeake Bay BMP cost-effectiveness assumptions,"Table 2 gives annualized unit cost per implementation acre and $/lb TN and $/lb TP for BMPs including buffers, fencing, tillage, nutrient management and wetlands.",,Maryland Chesapeake Bay Restoration Cost Estimates,https://mde.maryland.gov/programs/water/TMDL/TMDLImplementation/Documents/Phase-III-WIP-Report/Final%20Phase%20III%20WIP%20Package/Supplemental%20Information/UMCES_BMP_Costs_Report_032921.pdf,Table 2,2021,2021,Not independently established from cited evidence,"Existing source-evidence record with current metric, unit and context review; not an exhaustive new full-text audit.",WATERSHED_MD_WETLAND_FLOODPLAIN_P,75-source high-quality
"wetland restoration, floodplain",222.0,222.0,USD/implementation acre/year,USD,Maryland / Chesapeake Bay BMP cost assumptions,Table 2 lists annualized unit cost per implementation acre for each BMP.,,Maryland Chesapeake Bay Restoration Cost Estimates,https://mde.maryland.gov/programs/water/TMDL/TMDLImplementation/Documents/Phase-III-WIP-Report/Final%20Phase%20III%20WIP%20Package/Supplemental%20Information/UMCES_BMP_Costs_Report_032921.pdf,Table 2,2021,2021,Not independently established from cited evidence,"Existing source-evidence record with current metric, unit and context review; not an exhaustive new full-text audit.",WATERSHED_MD_WETLAND_FLOODPLAIN_AREAL,75-source high-quality
cross-provincial eco-compensation,100.0,400.0,RMB million/year or annual tranche,CNY,"Xin'anjiang basin, Anhui-Zhejiang","MEE page reports phase I central RMB300M/year, bilateral RMB100M/year rule, and phase II central RMB400/300/200M plus bilateral RMB200M/year.",Annual programme value; do not mix with USD/kg P or USD/ha/yr axes.,全国首个跨省流域生态保护补偿机制的“新安江模式”,https://www.mee.gov.cn/xxgk2018/xxgk/xxgk15/201909/t20190906_732784.html,MEE webpage payment-mechanism paragraphs,2019,2012-2019 programme periods,Not independently established from cited evidence,"Existing source-evidence record with current metric, unit and context review; not an exhaustive new full-text audit.",WATERSHED_CHINA_XINANJIANG_ECOCOMP_LABEL,75-source high-quality
Lake Victoria fisheries-resource management component,31.8,31.8,US$ million actual component cost,USD,Lake Victoria Environmental Management Project II,ICR component table reports actual costs: Component 1 US$31.8M and Component 2 US$35.3M.,Project total evidence only; do not use in unit-cost panels.,Implementation Completion and Results Report: Lake Victoria Environmental Management Project Phase II,https://documents1.worldbank.org/curated/en/866591545927201610/pdf/icr00001562-p100406-icr-document-12182018-636810265632510409.pdf,ICR component cost table,2018,2017,Not independently established from cited evidence,"Existing source-evidence record with current metric, unit and context review; not an exhaustive new full-text audit.",PROJECT_LVEMP_II_FISHERY_COMPONENT,75-source high-quality
Lake Victoria point-source pollution / WWTP component,35.3,35.3,US$ million actual component cost,USD,Lake Victoria Environmental Management Project II,ICR component table reports actual costs: Component 1 US$31.8M and Component 2 US$35.3M.,Project total evidence only; do not use in unit-cost panels.,Implementation Completion and Results Report: Lake Victoria Environmental Management Project Phase II,https://documents1.worldbank.org/curated/en/866591545927201610/pdf/icr00001562-p100406-icr-document-12182018-636810265632510409.pdf,ICR component cost table,2018,2017,Not independently established from cited evidence,"Existing source-evidence record with current metric, unit and context review; not an exhaustive new full-text audit.",PROJECT_LVEMP_II_POINT_SOURCE_COMPONENT,75-source high-quality
Kenya pond tilapia enterprise budget,600000.0,600000.0,KSh/ha,,Kenya,"Ponds KSh 600,000 per ha",1-ha Kenya pond enterprise budget; ponds item,Tilapia Farm Business Management and Economics: A Training Manual,https://extension.rwfm.tamu.edu/wp-content/uploads/sites/8/2013/09/Tilapia-Farm-Business-Management-and-Economics-A-Training-Manual.pdf ; https://thefishsite.com/articles/tilapia-farm-business-management-and-economics-a-training-manual,"PDF lines 557-656: 1-ha farm budget assumptions; investment cost of machinery/equipment KSh100,000; ponds KSh600,000; total investment KSh1,154,000.",2000-2005 data; manual published 2005/2006,2000-2005 data; manual published 2005/2006,Not independently established from cited evidence,"Existing source-evidence record with current metric, unit and context review; not an exhaustive new full-text audit.",AQUA_KENYA_PONDS_600000,47-candidate
Kenya pond tilapia enterprise budget,100000.0,100000.0,KSh/farm budget,,Kenya,"Machinery/equipment KSh 100,000 in the 1-ha budget",1-ha Kenya pond enterprise budget; machinery/equipment item,Tilapia Farm Business Management and Economics: A Training Manual,https://extension.rwfm.tamu.edu/wp-content/uploads/sites/8/2013/09/Tilapia-Farm-Business-Management-and-Economics-A-Training-Manual.pdf ; https://thefishsite.com/articles/tilapia-farm-business-management-and-economics-a-training-manual,"PDF lines 557-656: 1-ha farm budget assumptions; investment cost of machinery/equipment KSh100,000; ponds KSh600,000; total investment KSh1,154,000.",2000-2005 data; manual published 2005/2006,2000-2005 data; manual published 2005/2006,Not independently established from cited evidence,"Existing source-evidence record with current metric, unit and context review; not an exhaustive new full-text audit.",AQUA_KENYA_EQUIPMENT_100000,47-candidate
Kenya pond tilapia enterprise budget,1154000.0,1154000.0,KSh/farm budget,,Kenya,"Total investment KSh 1,154,000 in the 1-ha budget",1-ha Kenya pond enterprise budget; total investment,Tilapia Farm Business Management and Economics: A Training Manual,https://extension.rwfm.tamu.edu/wp-content/uploads/sites/8/2013/09/Tilapia-Farm-Business-Management-and-Economics-A-Training-Manual.pdf ; https://thefishsite.com/articles/tilapia-farm-business-management-and-economics-a-training-manual,"PDF lines 557-656: 1-ha farm budget assumptions; investment cost of machinery/equipment KSh100,000; ponds KSh600,000; total investment KSh1,154,000.",2000-2005 data; manual published 2005/2006,2000-2005 data; manual published 2005/2006,Not independently established from cited evidence,"Existing source-evidence record with current metric, unit and context review; not an exhaustive new full-text audit.",AQUA_KENYA_TOTAL_1154000,47-candidate
Uganda Lake Victoria tilapia cage aquaculture,76.0,76.0,percent,,Uganda / Lake Victoria,Feed share 76% in small cage scenario,small cage scenario,Economics of commercial tilapia cage aquaculture in Uganda: How economies of scale affect profitability,https://www.grocentre.is/ftp/moya/gro/index/publication/economics-of-commercial-tilapia-cage-aquaculture-in-uganda-how-economies-of-scale-affect-profitability ; https://www.grocentre.is/static/gro/publication/1786/document/Nazziwa21prf.pdf,"Nazziwa PDF production-enterprise budget figures/tables; prior local extraction lines report feed shares 76%, 81%, 82% for small, medium and large cage scenarios.",2021,2021,Not independently established from cited evidence,"Existing source-evidence record with current metric, unit and context review; not an exhaustive new full-text audit.",AQUA_UGANDA_FEED_SMALL_76,47-candidate
Uganda Lake Victoria tilapia cage aquaculture,81.0,81.0,percent,,Uganda / Lake Victoria,Feed share 81% in medium cage scenario,medium cage scenario,Economics of commercial tilapia cage aquaculture in Uganda: How economies of scale affect profitability,https://www.grocentre.is/ftp/moya/gro/index/publication/economics-of-commercial-tilapia-cage-aquaculture-in-uganda-how-economies-of-scale-affect-profitability ; https://www.grocentre.is/static/gro/publication/1786/document/Nazziwa21prf.pdf,"Nazziwa PDF production-enterprise budget figures/tables; prior local extraction lines report feed shares 76%, 81%, 82% for small, medium and large cage scenarios.",2021,2021,Not independently established from cited evidence,"Existing source-evidence record with current metric, unit and context review; not an exhaustive new full-text audit.",AQUA_UGANDA_FEED_MEDIUM_81,47-candidate
Uganda Lake Victoria tilapia cage aquaculture,82.0,82.0,percent,,Uganda / Lake Victoria,Feed share 82% in large cage scenario,large cage scenario,Economics of commercial tilapia cage aquaculture in Uganda: How economies of scale affect profitability,https://www.grocentre.is/ftp/moya/gro/index/publication/economics-of-commercial-tilapia-cage-aquaculture-in-uganda-how-economies-of-scale-affect-profitability ; https://www.grocentre.is/static/gro/publication/1786/document/Nazziwa21prf.pdf,"Nazziwa PDF production-enterprise budget figures/tables; prior local extraction lines report feed shares 76%, 81%, 82% for small, medium and large cage scenarios.",2021,2021,Not independently established from cited evidence,"Existing source-evidence record with current metric, unit and context review; not an exhaustive new full-text audit.",AQUA_UGANDA_FEED_LARGE_82,47-candidate
Taihu reward for timely agreement signing,750.0,750.0,RMB/mu,,"Taihu waters within Suzhou administrative area, China",Timely-agreement reward 750 RMB/mu,reward conditional on timely agreement,关于太湖围网拆除补偿方案的公告（苏府公〔2018〕4号）,https://www.suzhou.gov.cn/szsrmzf/zfwj/201805/LQJZ9KC3GM25LQRTJA6R74K02KZKWB9M.shtml,"Lines 96-102: livelihood subsidy, free vocational training, social-security inclusion; lines 108-110: 750 RMB/mu + 750 RMB/mu reward.",2018,2018,Not independently established from cited evidence,"Existing source-evidence record with current metric, unit and context review; not an exhaustive new full-text audit.",TAIHU_REWARD_SIGNING_750,47-candidate
Taihu reward for timely facility transfer,750.0,750.0,RMB/mu,,"Taihu waters within Suzhou administrative area, China",Timely facility-transfer reward 750 RMB/mu,reward conditional on timely facility transfer,关于太湖围网拆除补偿方案的公告（苏府公〔2018〕4号）,https://www.suzhou.gov.cn/szsrmzf/zfwj/201805/LQJZ9KC3GM25LQRTJA6R74K02KZKWB9M.shtml,"Lines 96-102: livelihood subsidy, free vocational training, social-security inclusion; lines 108-110: 750 RMB/mu + 750 RMB/mu reward.",2018,2018,Not independently established from cited evidence,"Existing source-evidence record with current metric, unit and context review; not an exhaustive new full-text audit.",TAIHU_REWARD_TRANSFER_750,47-candidate
Phosphorus abatement cost: energy crops,0.0,1000.0,SEK/kg P,,"Lake Glan drainage basin, Sweden",Energy crops 0-1000 SEK/kg P,Lake Glan drainage basin; energy crops,Developing a weighting set based on monetary damage estimates,https://www.diva-portal.org/smash/get/diva2%3A713329/FULLTEXT01.pdf,"PDF page 34, lines 1007-1032: Table 13 lists costs for P reduction in Lake Glan drainage basin; line 1055 gives source as Swedish EPA (2004).",2004 source compiled in 2008 report,2004 source compiled in 2008 report,Not independently established from cited evidence,"Existing source-evidence record with current metric, unit and context review; not an exhaustive new full-text audit.",GLAN_ENERGY_CROPS,47-candidate
Phosphorus abatement cost: grass on headlands,800.0,4500.0,SEK/kg P,,"Lake Glan drainage basin, Sweden",Grass on headlands 800-4500 SEK/kg P,Lake Glan drainage basin; grass on headlands,Developing a weighting set based on monetary damage estimates,https://www.diva-portal.org/smash/get/diva2%3A713329/FULLTEXT01.pdf,"PDF page 34, lines 1007-1032: Table 13 lists costs for P reduction in Lake Glan drainage basin; line 1055 gives source as Swedish EPA (2004).",2004 source compiled in 2008 report,2004 source compiled in 2008 report,Not independently established from cited evidence,"Existing source-evidence record with current metric, unit and context review; not an exhaustive new full-text audit.",GLAN_GRASS_HEADLANDS,47-candidate
Phosphorus abatement cost: wetlands and dams,1500.0,5000.0,SEK/kg P,,"Lake Glan drainage basin, Sweden",Wetlands/dams 1500-5000 SEK/kg P,Lake Glan drainage basin; wetlands/dams,Developing a weighting set based on monetary damage estimates,https://www.diva-portal.org/smash/get/diva2%3A713329/FULLTEXT01.pdf,"PDF page 34, lines 1007-1032: Table 13 lists costs for P reduction in Lake Glan drainage basin; line 1055 gives source as Swedish EPA (2004).",2004 source compiled in 2008 report,2004 source compiled in 2008 report,Not independently established from cited evidence,"Existing source-evidence record with current metric, unit and context review; not an exhaustive new full-text audit.",GLAN_WETLANDS_DAMS,47-candidate
Phosphorus abatement cost: protection zones,5000.0,30000.0,SEK/kg P,,"Lake Glan drainage basin, Sweden",Protection zones 5000-30000 SEK/kg P,Lake Glan drainage basin; protection zones,Developing a weighting set based on monetary damage estimates,https://www.diva-portal.org/smash/get/diva2%3A713329/FULLTEXT01.pdf,"PDF page 34, lines 1007-1032: Table 13 lists costs for P reduction in Lake Glan drainage basin; line 1055 gives source as Swedish EPA (2004).",2004 source compiled in 2008 report,2004 source compiled in 2008 report,Not independently established from cited evidence,"Existing source-evidence record with current metric, unit and context review; not an exhaustive new full-text audit.",GLAN_PROTECTION_ZONES,47-candidate
"Mean phosphorus retention cost, eastern Swedish wetlands",9385.0,9385.0,SEK/kg retained P,,"Southern Sweden, East and West regions",East region average cost 9385 SEK/kg retained P,233 Swedish wetlands; East region mean,Cost effectiveness of nutrient retention in constructed wetlands at a landscape level,https://pub.epsilon.slu.se/29829/1/djodjic-f-et-al-20221201.pdf ; https://doi.org/10.1016/j.jenvman.2022.116325,Lines 372-389: class shares including >5000 SEK/kg P and <1000 SEK/kg P; lines 423-443: Table 3 cost classes and East/West totals 9385 and 13126 SEK/kg P.,2022,2022,Not independently established from cited evidence,"Existing source-evidence record with current metric, unit and context review; not an exhaustive new full-text audit.",SWEDEN_WETLAND_EAST_MEAN,47-candidate
"Mean phosphorus retention cost, western Swedish wetlands",13126.0,13126.0,SEK/kg retained P,,"Southern Sweden, East and West regions",West region average cost 13126 SEK/kg retained P,233 Swedish wetlands; West region mean,Cost effectiveness of nutrient retention in constructed wetlands at a landscape level,https://pub.epsilon.slu.se/29829/1/djodjic-f-et-al-20221201.pdf ; https://doi.org/10.1016/j.jenvman.2022.116325,Lines 372-389: class shares including >5000 SEK/kg P and <1000 SEK/kg P; lines 423-443: Table 3 cost classes and East/West totals 9385 and 13126 SEK/kg P.,2022,2022,Not independently established from cited evidence,"Existing source-evidence record with current metric, unit and context review; not an exhaustive new full-text audit.",SWEDEN_WETLAND_WEST_MEAN,47-candidate
Lake Victoria LVEMP II total cost,130.8,130.8,US$ million total project cost,,Lake Victoria (KE/TZ/UG),Actual total project cost US$130.8M,LVEMP II actual total,Lake Victoria Environmental Management Project (LVEMP II) — Terminal Evaluation,https://documents1.worldbank.org/curated/en/866591545927201610/pdf/icr00001562-p100406-icr-document-12182018-636810265632510409.pdf,ICR financial table reports actual total US$130.8M and original+additional-financing planned total US$136.8M.,2017,2017,Not independently established from cited evidence,"Existing source-evidence record with current metric, unit and context review; not an exhaustive new full-text audit.",LVEMP_II_ACTUAL_1308,47-candidate
Lake Victoria LVEMP II total cost,136.8,136.8,US$ million total project cost,,Lake Victoria (KE/TZ/UG),Original plus additional-financing planned total US$136.8M,LVEMP II original + additional financing planned total,Lake Victoria Environmental Management Project (LVEMP II) — Terminal Evaluation,https://documents1.worldbank.org/curated/en/866591545927201610/pdf/icr00001562-p100406-icr-document-12182018-636810265632510409.pdf,ICR financial table reports actual total US$130.8M and original+additional-financing planned total US$136.8M.,2017,2017,Not independently established from cited evidence,"Existing source-evidence record with current metric, unit and context review; not an exhaustive new full-text audit.",LVEMP_II_PLANNED_1368,47-candidate
marine cage/raft aquaculture withdrawal compensation,450.0,1900.0,"CNY/standard 3 m x 3 m fish-raft grid, by depreciation category",CNY,"Quanzhou, Fujian; shallow-sea aquaculture withdrawal policy","Government notice lists standard fish-raft grid of 3 m x 3 m and compensation classes of CNY 1,900, 1,600, 1,200, 700 and 450 per standard grid.",Comparable only with other per-grid/per-cage removal records; no multi-country evidence found.,Quanzhou shallow-sea aquaculture withdrawal compensation standards,https://www.qg.gov.cn/zwgk/zfxxgkzl/zc/xzgfxwj/qzf/202308/t20230822_2924174.htm,Compensation-standard table,2023,2023,Not independently established from cited evidence,v5 supplementary direct extraction; local source-table record; not converted or pooled,CAGE_REMOVAL_CHINA_QUANZHOU_GRID_2023,v5 supplementary direct extraction
foam-float aquaculture raft replacement / low-plastic upgrade subsidy,170.0,170.0,CNY/m2 upgraded marine raft,CNY,Fujian marine aquaculture upgrade subsidy,Notice lists subsidy standard of CNY 170/m2 for marine aquaculture raft transformation/upgrade.,Low-plastic/raft upgrade evidence; China-only and not directly comparable with trap retrieval.,Fujian marine aquaculture transformation and upgrading subsidy standards,https://hyj.fuzhou.gov.cn/zwgk/zjxx/202408/P020240802577997608366.pdf,Subsidy-standard table,2023,2023,Not independently established from cited evidence,v5 supplementary direct extraction; local source-table record; not converted or pooled,LOW_PLASTIC_CHINA_FUJIAN_RAFT_M2_2023,v5 supplementary direct extraction
ghost trap retrieval campaign,13500.0,13500.0,USD/programme cost,USD,"Hecate Strait, British Columbia Area A crab fishery","GloLitter report gives a retrieval cost of about USD 13,500 for the Area A crab lost-gear programme; Ecotrust reports the 2021 Hecate Strait trip removed 251 traps.","Derived from two programme documents; useful as source-level evidence, not enough income-group coverage for a dumbbell plot.",Reporting and Retrieval of Lost Fishing Gear: Recommendations for Developing Effective Programmes,https://www.fao.org/3/cb8064en/cb8064en.pdf,GloLitter lost-gear retrieval case study; Ecotrust Hecate Strait trip report,2021,2020,Not independently established from cited evidence,v5 supplementary direct programme-cost extraction; 251 traps are reported separately and not linked to this cost; local source-table record; not converted or pooled,GEAR_CANADA_HECATE_TRAP_RETRIEVAL_2021,v5 supplementary direct programme-cost extraction; 251 traps are reported separately and not linked to this cost
derelict net removal,4960.0,4960.0,USD/acre net removed,USD,"Puget Sound, Washington","Report gives cost effectiveness for derelict net removal as USD 4,960 per acre of net.",Different unit from pot/trap retrieval; keep separate.,Derelict Fishing Gear Priority Ranking Project,https://nwstraits.org/sites/default/files/2025-10/priorityrankingreport-041808.pdf,Cost-effectiveness table,2007,2007,Not independently established from cited evidence,v5 supplementary direct extraction; local source-table record; not converted or pooled,GEAR_US_PUGET_DERELICT_NET_ACRE_2007,v5 supplementary direct extraction
Dungeness crab trap retrieval compensation,65.0,85.0,USD/trap retrieved,USD,California Dungeness crab trap retrieval pilot programmes,Report states recent gear retrieval pilot projects set compensation rates between USD 65 and USD 85 per trap.,"Compensation rate for retrieval effort, not full social cost of gear loss.",California Dungeness Crab Fishing Gear Working Group retrieval programme materials,https://www.opc.ca.gov/webmaster/ftp/project_pages/dctf/ec-meeting-19/EC_DCTF_Model_Eval_Gear_Retrieval_Program_February_2017.pdf,Lost gear retrieval compensation-rate discussion,2017,2017,Not independently established from cited evidence,v5 supplementary direct extraction; local source-table record; not converted or pooled,GEAR_US_CALIFORNIA_DCTF_RATE_2017,v5 supplementary direct extraction
deep-water anti-wave cage replacement subsidy,100000.0,400000.0,"CNY/cage, by cage circumference category",CNY,Fujian marine aquaculture upgrade subsidy,"Department final-accounts PDF lists deep-water anti-wave cage subsidy classes of CNY 100,000, 200,000, 300,000 and 400,000 per cage by cage circumference.","Cage-equipment upgrade subsidy, not cage-removal compensation.",2023 Fuzhou Marine and Fisheries Bureau Department Final Accounts,https://hyj.fuzhou.gov.cn/zwgk/zjxx/202408/P020240802577997608366.pdf,Project subsidy-standard table,2024,2023,Not independently established from cited evidence,v5 supplementary direct extraction; local source-table record; not converted or pooled,LOW_PLASTIC_CHINA_FUJIAN_DEEPWATER_CAGE_2023,v5 supplementary direct extraction
derelict crab/shrimp pot removal,193.0,193.0,USD/pot removed,USD,"Puget Sound, Washington",Report gives cost effectiveness for derelict pot removal as USD 193 per pot.,"Same unit as trap/pot retrieval, but available country coverage is currently high-income only; not a multicountry income-group dumbbell panel.",Derelict Fishing Gear Priority Ranking Project,https://nwstraits.org/sites/default/files/2025-10/priorityrankingreport-041808.pdf,Cost-effectiveness table,2007,2007,Not independently established from cited evidence,v5 supplementary direct extraction; local source-table record; not converted or pooled,GEAR_US_PUGET_DERELICT_POT_2007,v5 supplementary direct extraction
secondary-to-tertiary upgrade construction-cost indicator,367.46,4066.6,yuan per m3/d design capacity indicator,CNY,Nine WWTPs in southern China,[English translated title: Technical and economic indicators for upgrading municipal wastewater treatment plants] Tables 5-6 give construction-cost indicators including 367.46 and 4066.60 yuan/m3.,Do not plot on WWTP USD/m3 treated operating-cost axis.,城镇污水处理厂提标改造工程技术经济指标研究,https://www.jsjs1982.com/portal/article/index.html?id=3229 ; https://www.jsjs1982.com/upload/portal/20240802/90a81325b7d45d391cb650260b6278d2.pdf ; DOI:10.15890/j.cnki.jsjs.2024.07.024,Table 5 and Table 6,2024,2024,Not independently established from cited evidence,inherited prior verified-table extraction; not rechecked against primary source in v5; explicit quoted value/unit and cited table/page; no conversion,WWTP_CHINA_SC9_UPGRADE_CAPEX_LABEL,v5 restored from verified source table
small tilapia cage capital investment,47236.0,47236.0,USD per operation,USD,"Lake Victoria cage aquaculture, Uganda","Publication reports investment budgets USD47,236, USD94,393 and USD163,373 for small, medium and large cage operations.",Capital investment per operation; distinct from USD/kg production cost,Economics of commercial tilapia cage aquaculture in Uganda: How economies of scale affect profitability,https://www.grocentre.is/ftp/moya/gro/index/publication/economics-of-commercial-tilapia-cage-aquaculture-in-uganda-how-economies-of-scale-affect-profitability ; https://www.grocentre.is/static/gro/publication/1786/document/Nazziwa21prf.pdf,GRÓ publication page lines 72-75 and PDF abstract/results,2021,2021,Not independently established from cited evidence,inherited prior verified-table extraction; not rechecked against primary source in v5; explicit quoted value/unit and cited table/page; no conversion,AQUA_UGANDA_CAGE_SMALL_INVESTMENT,v5 restored from verified source table
medium tilapia cage capital investment,94393.0,94393.0,USD per operation,USD,"Lake Victoria cage aquaculture, Uganda","Publication reports investment budgets USD47,236, USD94,393 and USD163,373 for small, medium and large cage operations.",Capital investment per operation; distinct from USD/kg production cost,Economics of commercial tilapia cage aquaculture in Uganda: How economies of scale affect profitability,https://www.grocentre.is/ftp/moya/gro/index/publication/economics-of-commercial-tilapia-cage-aquaculture-in-uganda-how-economies-of-scale-affect-profitability ; https://www.grocentre.is/static/gro/publication/1786/document/Nazziwa21prf.pdf,GRÓ publication page lines 72-75 and PDF abstract/results,2021,2021,Not independently established from cited evidence,inherited prior verified-table extraction; not rechecked against primary source in v5; explicit quoted value/unit and cited table/page; no conversion,AQUA_UGANDA_CAGE_MEDIUM_INVESTMENT,v5 restored from verified source table
large tilapia cage capital investment,163373.0,163373.0,USD per operation,USD,"Lake Victoria cage aquaculture, Uganda","Publication reports investment budgets USD47,236, USD94,393 and USD163,373 for small, medium and large cage operations.",Capital investment per operation; distinct from USD/kg production cost,Economics of commercial tilapia cage aquaculture in Uganda: How economies of scale affect profitability,https://www.grocentre.is/ftp/moya/gro/index/publication/economics-of-commercial-tilapia-cage-aquaculture-in-uganda-how-economies-of-scale-affect-profitability ; https://www.grocentre.is/static/gro/publication/1786/document/Nazziwa21prf.pdf,GRÓ publication page lines 72-75 and PDF abstract/results,2021,2021,Not independently established from cited evidence,inherited prior verified-table extraction; not rechecked against primary source in v5; explicit quoted value/unit and cited table/page; no conversion,AQUA_UGANDA_CAGE_LARGE_INVESTMENT,v5 restored from verified source table
"Wetland phosphorus-retention cost class, West Sweden",1395.0,1500.0,SEK/kg P retained,SEK,"Swedish constructed wetlands, landscape-level analysis",Tables report West cost class 1395-1500 SEK/kg P retained.,Cost-class range; not the West regional mean,Cost efficiency of nutrient retention in constructed wetlands at a landscape level,https://pub.epsilon.slu.se/29829/1/djodjic-f-et-al-20221201.pdf ; https://doi.org/10.1016/j.jenvman.2022.116325,Tables 3-4,2022,2022,Not independently established from cited evidence,inherited prior verified-table extraction; not rechecked against primary source in v5; explicit quoted value/unit and cited table/page; no conversion,SWEDEN_WETLAND_WEST_CLASS_1395_1500,v5 restored from verified source table
"Wetland phosphorus-retention cost class, East Sweden",9363.0,13126.0,SEK/kg P retained,SEK,"Swedish constructed wetlands, landscape-level analysis",Tables report East cost class 9363-13126 SEK/kg P retained.,Cost-class range; not the East regional mean,Cost efficiency of nutrient retention in constructed wetlands at a landscape level,https://pub.epsilon.slu.se/29829/1/djodjic-f-et-al-20221201.pdf ; https://doi.org/10.1016/j.jenvman.2022.116325,Tables 3-4,2022,2022,Not independently established from cited evidence,inherited prior verified-table extraction; not rechecked against primary source in v5; explicit quoted value/unit and cited table/page; no conversion,SWEDEN_WETLAND_EAST_CLASS_9363_13126,v5 restored from verified source table
