Time_metric,Duration_years_min,Duration_years_max,Time_type,Start_date,End_date,Context,Geography,Source_title,Source_URL,Source_location,Source_year,Scope,Record_ID,Use_category,Date_precision,Duration_derivation,Verification_level,Traceback,Selection_status
agreement signing and facility-transfer deadlines,0.25,0.25,policy_node,2018-09-30,2018-12-31,Agreement signing deadline 2018-09-30; facility transfer deadline 2018-12-31; payments within 15 days after signing/transfer.,"Taihu, Suzhou, China",Announcement on compensation for removal of net enclosures in Lake Taihu (Su Fu Gong [2018] No. 4) [translated title],https://www.suzhou.gov.cn/szsrmzf/zfwj/201805/LQJZ9KC3GM25LQRTJA6R74K02KZKWB9M.shtml,Strict workbook evidence row states signing and transfer deadlines.,2018,case node; not a universal implementation duration,TIME_TAIHU_SIGN_TRANSFER_2018,Policy_node,As retained in baseline row; do not infer a more precise date.,Baseline selected value retained verbatim; see Context and Source_location.,Inherited_selected_record: selected_timing.csv retained verbatim; v5 did not re-read the underlying source.,02_精选公开数据/quality_selected/selected_timing.csv; Record_ID=TIME_TAIHU_SIGN_TRANSFER_2018,retained_baseline
observed timescale for reduction of sediment phosphorus release,3.0,20.0,ecological_lag,,,"Observed monitoring timescales vary from three to 20 years, with the majority between one and two decades.",Lake monitoring programmes,Timescale of reduction of long-term phosphorus release from sediment in lakes,https://www.daera-ni.gov.uk/sites/default/files/publications/daera/Timescale%20of%20reduction%20of%20long-term%20phosphorus%20release%20from%20sediment%20in%20lakes.PDF,Search/PDF snippet: timescales varied from 3 to 20 years; majority one to two decades.,,ecological/process lag range; use as shaded background or caveat,TIME_INTERNAL_P_RELEASE_REVIEW_3_20,Ecological_response_lag,As retained in baseline row; do not infer a more precise date.,Baseline selected value retained verbatim; see Context and Source_location.,Inherited_selected_record: selected_timing.csv retained verbatim; v5 did not re-read the underlying source.,02_精选公开数据/quality_selected/selected_timing.csv; Record_ID=TIME_INTERNAL_P_RELEASE_REVIEW_3_20,retained_baseline
contract award to operation/compliance,3.0,4.0,engineering_duration,2011-01,2015-01,ENR first contract awarded January 2011; second contract awarded April 2011; facilities placed into operation in 2014 for EPA nitrogen compliance by January 2015.,"Blue Plains, Washington DC, USA",Enhanced Nitrogen Removal Facilities,https://www.dcwater.com/projects/enhanced-nitrogen-removal-facilities,DC Water page lines 662-673.,2011,case duration; WWTP upgrade example only,TIME_BLUEPLAINS_ENR_2011_2015,Engineering_duration,As retained in baseline row; do not infer a more precise date.,Baseline selected value retained verbatim; see Context and Source_location.,Inherited_selected_record: selected_timing.csv retained verbatim; v5 did not re-read the underlying source.,02_精选公开数据/quality_selected/selected_timing.csv; Record_ID=TIME_BLUEPLAINS_ENR_2011_2015,retained_baseline
sewer trunk/interceptor installation and effluent diversion,5.0,5.0,engineering_duration,1963,1968-02,"Approximately 5 calendar years from 1963 to February 1968; engineering project duration, not a universal schedule.","Lake Washington, USA",Cleaning up Lake Washington,https://www.eopugetsound.org/articles/cleaning-lake-washington,"Lines 38-40 report 1963-1968, >100 miles, zero effluent in February 1968 and USD 140M.",1963,case duration plus cost annotation,TIME_LAKE_WASHINGTON_DIVERSION_1963_1968,Engineering_duration,As retained in baseline row; do not infer a more precise date.,Baseline selected value retained verbatim; see Context and Source_location.,Inherited_selected_record: selected_timing.csv retained verbatim; v5 did not re-read the underlying source.,02_精选公开数据/quality_selected/selected_timing.csv; Record_ID=TIME_LAKE_WASHINGTON_DIVERSION_1963_1968,retained_baseline
TMDL establishment to full control-measure target,15.0,15.0,policy_window,2010-12-29,2025,EPA established the Chesapeake Bay TMDL on 2010-12-29; all pollution-control measures needed to restore the Bay were to be in place by 2025.,"Chesapeake Bay watershed, USA",Chesapeake Bay Total Maximum Daily Load (TMDL),https://www.epa.gov/chesapeake-bay-tmdl,EPA page lines 100-112.,2010,policy roadmap case; do not generalize to all watersheds,TIME_CHESAPEAKE_TMDL_2010_2025,Policy_window,As retained in baseline row; do not infer a more precise date.,Baseline selected value retained verbatim; see Context and Source_location.,Inherited_selected_record: selected_timing.csv retained verbatim; v5 did not re-read the underlying source.,02_精选公开数据/quality_selected/selected_timing.csv; Record_ID=TIME_CHESAPEAKE_TMDL_2010_2025,retained_baseline
TMDL establishment to 60% reduction-practice milestone,7.0,7.0,policy_node,2010-12-29,2017,Practices were to be in place by 2017 to meet 60% of the necessary pollution reductions.,"Chesapeake Bay watershed, USA",Chesapeake Bay Total Maximum Daily Load (TMDL),https://www.epa.gov/chesapeake-bay-tmdl,EPA page lines 110-112.,2010,interim policy milestone,TIME_CHESAPEAKE_TMDL_2010_2017_INTERIM,Policy_node,As retained in baseline row; do not infer a more precise date.,Baseline selected value retained verbatim; see Context and Source_location.,Inherited_selected_record: selected_timing.csv retained verbatim; v5 did not re-read the underlying source.,02_精选公开数据/quality_selected/selected_timing.csv; Record_ID=TIME_CHESAPEAKE_TMDL_2010_2017_INTERIM,retained_baseline
LVEMP I implementation period,8.0,8.0,programme_duration,1997,2005,"Approximately 8 calendar years from the reported programme dates; programme duration, not a universal construction schedule.",Lake Victoria Basin,LVEMP Brief Summary / Ministry of Water and Irrigation Tanzania,https://www.maji.go.tz/uploads/publications/sw1549607182-LVEMP%20Brief%20Summary%202-%20MoWI.pdf,Search/PDF snippet reports LVEMP I (1997-2005) and LVEMP II (2009-2017).,1997,"large-basin programme duration Duration uses the difference between reported calendar years, not exact elapsed days.",TIME_LVEMP_I_1997_2005,Programme_duration,As retained in baseline row; do not infer a more precise date.,Baseline selected value retained verbatim; see Context and Source_location.,Inherited_selected_record: selected_timing.csv retained verbatim; v5 did not re-read the underlying source.,02_精选公开数据/quality_selected/selected_timing.csv; Record_ID=TIME_LVEMP_I_1997_2005,retained_baseline
LVEMP II implementation period,8.0,8.0,programme_duration,2009,2017,"Approximately 8 calendar years from the reported programme dates; programme duration, not a universal construction schedule.",Lake Victoria Basin,World Bank ICR: Lake Victoria Environmental Management Project II,https://documents1.worldbank.org/curated/en/866591545927201610/pdf/icr00001562-p100406-icr-document-12182018-636810265632510409.pdf,ICR lines 2675-2680 and 2875-2889 include 2017-12-29 actual completion dates and wastewater-design indicators.,2009,"large-basin programme duration Duration uses the difference between reported calendar years, not exact elapsed days.",TIME_LVEMP_II_2009_2017,Programme_duration,As retained in baseline row; do not infer a more precise date.,Baseline selected value retained verbatim; see Context and Source_location.,Inherited_selected_record: selected_timing.csv retained verbatim; v5 did not re-read the underlying source.,02_精选公开数据/quality_selected/selected_timing.csv; Record_ID=TIME_LVEMP_II_2009_2017,retained_baseline
SMARTER project start and end dates,2.83,2.83,research_implementation_duration,2023-02-01,2025-11-30,FHF project 901820 was completed; start date 2023-02-01 and end date 2025-11-30.,Norway / aquaculture industry,FHF Project 901820 SMARTER,https://www.fhf.no/prosjekter/prosjektbasen/901820/,FHF page lines 67-75.,2023,technology evidence-generation duration,TIME_SMARTER_2023_2025,Research_implementation_duration,As retained in baseline row; do not infer a more precise date.,Baseline selected value retained verbatim; see Context and Source_location.,Inherited_selected_record: selected_timing.csv retained verbatim; v5 did not re-read the underlying source.,02_精选公开数据/quality_selected/selected_timing.csv; Record_ID=TIME_SMARTER_2023_2025,retained_baseline
GSA consultative drafting process,8.0,8.0,governance_process,,,FAO GSA were drafted by consensus through a global consultative process spanning eight years.,Global,FAO Guidelines for Sustainable Aquaculture,https://www.fao.org/guidelines-sustainable-aquaculture/en,FAO page lines 37-40.,,governance process duration,TIME_GSA_CONSULTATIVE_8Y,Governance_process_duration,As retained in baseline row; do not infer a more precise date.,Baseline selected value retained verbatim; see Context and Source_location.,Inherited_selected_record: selected_timing.csv retained verbatim; v5 did not re-read the underlying source.,02_精选公开数据/quality_selected/selected_timing.csv; Record_ID=TIME_GSA_CONSULTATIVE_8Y,retained_baseline
monitoring after alum treatment,11.0,11.0,monitoring_interval,2005,2016-09,"Internal phosphorus loading analysis was conducted in September 2016, about 11 years following alum treatment.","Spring Lake, Michigan, USA",Internal Phosphorus Loading in Spring Lake 11 Years Following Alum Treatment,https://springlaketwp.org/wp-content/uploads/delightful-downloads/2017/10/spring_lake_report_jan_2017_final_draft.pdf,"Search/PDF snippet reports September 2016, ~11 years after alum treatment.",2005,monitoring/follow-up interval,TIME_SPRING_LAKE_ALUM_11Y_FOLLOWUP,Monitoring_follow_up_interval,As retained in baseline row; do not infer a more precise date.,Baseline selected value retained verbatim; see Context and Source_location.,Inherited_selected_record: selected_timing.csv retained verbatim; v5 did not re-read the underlying source.,02_精选公开数据/quality_selected/selected_timing.csv; Record_ID=TIME_SPRING_LAKE_ALUM_11Y_FOLLOWUP,retained_baseline
time to 50% phosphorus decline,13.1,13.1,ecological_lag,,,"Mean modelled lag to 50% decline in water-column phosphorus: 13.1 years; ecological response lag, not construction time.",Continental United States lentic water bodies,Modeling lake recovery lag times following influent phosphorus loading reduction,https://pmc.ncbi.nlm.nih.gov/articles/PMC10116841/ ; https://assessments.epa.gov/risk/document/%26deid%3D357221,Abstract/search snippet reports 13.1 and 39.0 year means.,,ecological response lag; not construction duration,TIME_LAKE_P_RECOVERY_50_PERCENT,Ecological_response_lag,As retained in baseline row; do not infer a more precise date.,Baseline selected value retained verbatim; see Context and Source_location.,Inherited_selected_record: selected_timing.csv retained verbatim; v5 did not re-read the underlying source.,02_精选公开数据/quality_selected/selected_timing.csv; Record_ID=TIME_LAKE_P_RECOVERY_50_PERCENT,retained_baseline
time to 75% phosphorus decline,39.0,39.0,ecological_lag,,,"Mean modelled lag to 75% decline in water-column phosphorus: 39 years; ecological response lag, not construction time.",Continental United States lentic water bodies,Modeling lake recovery lag times following influent phosphorus loading reduction,https://pmc.ncbi.nlm.nih.gov/articles/PMC10116841/ ; https://assessments.epa.gov/risk/document/%26deid%3D357221,Abstract/search snippet reports 13.1 and 39.0 year means.,,ecological response lag; not construction duration,TIME_LAKE_P_RECOVERY_75_PERCENT,Ecological_response_lag,As retained in baseline row; do not infer a more precise date.,Baseline selected value retained verbatim; see Context and Source_location.,Inherited_selected_record: selected_timing.csv retained verbatim; v5 did not re-read the underlying source.,02_精选公开数据/quality_selected/selected_timing.csv; Record_ID=TIME_LAKE_P_RECOVERY_75_PERCENT,retained_baseline
old float service life,3.0,3.0,service_life,,,"Old aquaculture floats had an expected service life of about 3 years; service-life evidence, not implementation duration.","Hiroshima Bay, Japan",Cleaning Up Aquaculture: Joint Project Takes on Plastic Waste from Oyster Farming in Hiroshima Bay,https://www.nippon.com/en/news/g02531/ ; https://en.nippon-foundation.or.jp/news/articles/2025/20250707-109044.html,Strict workbook row 57.,,service-life comparison; not implementation duration,TIME_HIROSHIMA_FLOAT_OLD_LIFE,Service_life,As retained in baseline row; do not infer a more precise date.,Baseline selected value retained verbatim; see Context and Source_location.,Inherited_selected_record: selected_timing.csv retained verbatim; v5 did not re-read the underlying source.,02_精选公开数据/quality_selected/selected_timing.csv; Record_ID=TIME_HIROSHIMA_FLOAT_OLD_LIFE,retained_baseline
reinforced float service life,5.0,8.0,service_life,,,"Reinforced floats have an expected service life of 5-8 years; service-life evidence, not implementation duration.","Hiroshima Bay, Japan",Cleaning Up Aquaculture: Joint Project Takes on Plastic Waste from Oyster Farming in Hiroshima Bay,https://www.nippon.com/en/news/g02531/ ; https://en.nippon-foundation.or.jp/news/articles/2025/20250707-109044.html,Strict workbook row 57.,,service-life comparison; not implementation duration,TIME_HIROSHIMA_FLOAT_REINFORCED_LIFE,Service_life,As retained in baseline row; do not infer a more precise date.,Baseline selected value retained verbatim; see Context and Source_location.,Inherited_selected_record: selected_timing.csv retained verbatim; v5 did not re-read the underlying source.,02_精选公开数据/quality_selected/selected_timing.csv; Record_ID=TIME_HIROSHIMA_FLOAT_REINFORCED_LIFE,retained_baseline
Lake transparency change between the 1964 and 1968 observations,4.0,4.0,ecological_response,1964,1968,Transparency increased from 30 inches in 1964 to 10 feet in 1968; approximate four-year observation interval.,"Lake Washington, USA",Cleaning up Lake Washington,https://www.eopugetsound.org/articles/cleaning-lake-washington,Lines 39-41.,1964,Observed interval spanning wastewater-diversion works; not an independently estimated post-diversion recovery constant.,TIME_LAKE_WASHINGTON_VISIBILITY_1964_1968,Ecological_response_interval,As retained in baseline row; do not infer a more precise date.,Baseline selected value retained verbatim; see Context and Source_location.,Inherited_selected_record: selected_timing.csv retained verbatim; v5 did not re-read the underlying source.,02_精选公开数据/quality_selected/selected_timing.csv; Record_ID=TIME_LAKE_WASHINGTON_VISIBILITY_1964_1968,retained_baseline
livelihood-transition subsidy eligibility,2.0,2.0,support_duration,,,"The compensation policy provides livelihood-transition subsidy for 24 months for each of two eligible persons per aquaculture-use certificate. This is support eligibility, not engineering duration.","Taihu waters within Suzhou administrative area, China",Announcement on compensation for removal of net enclosures in Lake Taihu (Su Fu Gong [2018] No. 4) [translated title],https://www.suzhou.gov.cn/szsrmzf/zfwj/201805/LQJZ9KC3GM25LQRTJA6R74K02KZKWB9M.shtml,"Prior evidence index: full_database_all_records.csv, R63_TAIHU_2018_TRANSFER_SUBSIDY_REWARD; lines 96-102.",2018,Case-specific livelihood-support duration; must not be plotted as removal/construction time.,TIME_V5_TAIHU_LIVELIHOOD_SUPPORT_24M,Support_duration,Duration reported as 24 months; no start/end date supplied.,24 months / 12 months per year = 2 years.,Inherited_extraction_traceable: v5 checked the structured evidence index and source URL; underlying government page was not re-read in v5.,02_精选公开数据/implementation_and_costs/full_database_all_records.csv; canonical_record_id=R63_TAIHU_2018_TRANSFER_SUBSIDY_REWARD,added_traceable
first compensation payment deadline after agreement signing,0.041,0.041,payment_deadline,,,"First payment is due within 15 days after agreement signing. It is an administrative payment deadline, not a project duration.","Taihu waters within Suzhou administrative area, China",Announcement on compensation for removal of net enclosures in Lake Taihu (Su Fu Gong [2018] No. 4) [translated title],https://www.suzhou.gov.cn/szsrmzf/zfwj/201805/LQJZ9KC3GM25LQRTJA6R74K02KZKWB9M.shtml,"Prior evidence index: full_database_all_records.csv, R63_TAIHU_2018_REMOVAL_TIMELINE; lines 104-116.",2018,Case-specific policy payment deadline; 15 days is converted using 365 days/year only for a numeric time field.,TIME_V5_TAIHU_FIRST_PAYMENT_15D,Policy_node,15-day deadline reported; triggering signing date varies by agreement.,15 / 365 = 0.041 years (rounded to three decimals).,Inherited_extraction_traceable: v5 checked the structured evidence index and source URL; underlying government page was not re-read in v5.,02_精选公开数据/implementation_and_costs/full_database_all_records.csv; canonical_record_id=R63_TAIHU_2018_REMOVAL_TIMELINE,added_traceable
remaining compensation payment deadline after facility transfer,0.041,0.041,payment_deadline,,,"The remaining balance is due within 15 days after facility transfer. It is an administrative payment deadline, not a project duration.","Taihu waters within Suzhou administrative area, China",Announcement on compensation for removal of net enclosures in Lake Taihu (Su Fu Gong [2018] No. 4) [translated title],https://www.suzhou.gov.cn/szsrmzf/zfwj/201805/LQJZ9KC3GM25LQRTJA6R74K02KZKWB9M.shtml,"Prior evidence index: full_database_all_records.csv, R63_TAIHU_2018_REMOVAL_TIMELINE; lines 104-116.",2018,Case-specific policy payment deadline; 15 days is converted using 365 days/year only for a numeric time field.,TIME_V5_TAIHU_BALANCE_PAYMENT_15D,Policy_node,15-day deadline reported; triggering transfer date varies by case.,15 / 365 = 0.041 years (rounded to three decimals).,Inherited_extraction_traceable: v5 checked the structured evidence index and source URL; underlying government page was not re-read in v5.,02_精选公开数据/implementation_and_costs/full_database_all_records.csv; canonical_record_id=R63_TAIHU_2018_REMOVAL_TIMELINE,added_traceable
aluminum-treatment assessment horizon,12.0,12.0,assessment_horizon,,,"The Swedish decision-support case reports treatment costs over 12 years. This is the study's economic assessment horizon, not treatment construction duration or observed ecological response time.","Stora and Lilla Ullfjärden, Sweden",Decision Support for Lake Restoration: A Case Study in Swedish Freshwater Bodies,https://pub.epsilon.slu.se/30637/1/sellergren-m-et-al-20230412.pdf ; DOI: 10.3390/w15040668,"Prior evidence index: full_database_all_records.csv, R63_LAKE_SWEDEN_ALUMINUM_TREATMENT_DECISION_CASE; Table 6 / lines 440-450 and lines 502-503.",2023,Assessment horizon of a named Swedish restoration decision-support case; do not label as project implementation time.,TIME_V5_SWEDEN_ALUM_ASSESSMENT_12Y,Assessment_horizon,Reported as 12 years; no start/end dates used.,Directly reported 12-year assessment horizon.,Inherited_extraction_traceable: v5 checked the structured evidence index and DOI/URL; underlying paper was not re-read in v5.,02_精选公开数据/implementation_and_costs/full_database_all_records.csv; canonical_record_id=R63_LAKE_SWEDEN_ALUMINUM_TREATMENT_DECISION_CASE,added_traceable
later Lake Washington transparency observation interval,8.0,8.0,ecological_response,1968,1976,The source reports visibility of 10 feet in 1968 and 17-20 feet after 1976. This is an approximate eight-calendar-year observation interval and not an independently estimated recovery constant.,"Lake Washington, USA",Cleaning up Lake Washington,https://www.eopugetsound.org/articles/cleaning-lake-washington,"Prior evidence index: time_evidence_expanded.csv, TIME_LAKE_WASHINGTON_VISIBILITY_RESPONSE; source lines 39-41.",,Observed response trajectory; year-only endpoints preserve the source precision.,TIME_V5_LAKE_WASHINGTON_VISIBILITY_1968_1976,Ecological_response_interval,Year-only endpoints; 'after 1976' means this is approximate.,1976 minus 1968 = approximately 8 calendar years.,Inherited_extraction_traceable: v5 checked the prior time-evidence record and source URL; underlying article was not re-read in v5.,02_精选公开数据/implementation_and_costs/time_evidence_expanded.csv; time_record_id=TIME_LAKE_WASHINGTON_VISIBILITY_RESPONSE,added_traceable
